Workbook

Sheet Master
A1: PitchNo | B1: Date | C1: Time | D1: Pitcher | E1: Pitch Type | F1: Velocity | G1: SpinRate | H1: Ball/Strike | I1: Sw/Miss/Outcome | J1: Batter | K1: ExitSpeed | L1: Angle | M1: Direction | N1: BatSpeed | O1: HitSpinRate | P1: Distance | Q1: SmashFactor | R1: PotSmashFactor | S1: PotExitSpeed | T1: SquaredUp
A2: 14 | B2: 46193 | C2: 0.80300926 | D2: Gabriel Esteban | E2: SL | F2: 75.826954 | G2: 2359.8291 | H2: 1 | I2: Yes | J2: Aidan Young | N2: 70.690123
A3: 15 | B3: 46193 | C3: 0.80321759 | D3: Gabriel Esteban | E3: FB | F3: 83.131752 | G3: 2265.6592 | H3: 0 | J3: Aidan Young
A4: 16 | B4: 46193 | C4: 0.8034375 | D4: Gabriel Esteban | E4: FB | F4: 85.116757 | G4: 2263.6328 | H4: 0 | J4: Aidan Young
A5: 17 | B5: 46193 | C5: 0.80373843 | D5: Gabriel Esteban | E5: FB | F5: 87.72107 | G5: 1157.3105 | H5: 1 | I5: Foul | J5: Aidan Young | N5: 67.093804
A6: 18 | B6: 46193 | C6: 0.80400463 | D6: Gabriel Esteban | E6: SL | F6: 73.857842 | G6: 2109.9846 | H6: 1 | I6: bK | J6: Aidan Young
A7: 56 | B7: 46193 | C7: 0.81756944 | D7: Gabriel Esteban | E7: FB | F7: 80.575076 | G7: 2106.9888 | H7: 1 | J7: Aidan Young
A8: 57 | B8: 46193 | C8: 0.81774306 | D8: Gabriel Esteban | E8: FB | F8: 82.702991 | G8: 1916.3033 | H8: 0 | J8: Aidan Young
A9: 58 | B9: 46193 | C9: 0.81795139 | D9: Gabriel Esteban | E9: FB | F9: 83.274675 | G9: 2153.8503 | H9: 1 | I9: In Play | J9: Aidan Young | K9: 96.40483 | L9: -10.951885 | M9: -8.8998146 | N9: 69.622466 | O9: 1112.8253 | P9: 15 | Q9: 1.3846799 | R9: 1.4863824 | S9: 103.4856 | T9: 0.93157722
A10: 70 | B10: 46193 | C10: 0.83362269 | D10: Reagan Samples | E10: SL | F10: 74.874159 | G10: 1164.7894 | H10: 0 | J10: Aidan Young
A11: 71 | B11: 46193 | C11: 0.83384259 | D11: Reagan Samples | E11: SP | F11: 71.888722 | G11: 372.69415 | H11: 1 | I11: Yes | J11: Aidan Young | N11: 69.453891
A12: 72 | B12: 46193 | C12: 0.8341088 | D12: Reagan Samples | E12: SL | F12: 73.174996 | G12: 2152.7905 | H12: 1 | I12: In Play | J12: Aidan Young | K12: 84.835361 | L12: -7.1139536 | M12: -28.276945 | N12: 67.824308 | O12: 2291.5283 | P12: 20 | Q12: 1.2508105 | R12: 1.4561263 | S12: 98.760762 | T12: 0.85899864
A13: 106 | B13: 46193 | C13: 0.84975694 | D13: Anthony Wilson | F13: 72.523919 | G13: 1249.9954 | J13: Aidan Young
A14: 107 | B14: 46193 | C14: 0.85002315 | D14: Anthony Wilson | F14: 71.078841 | G14: 1245.3386 | J14: Aidan Young
A15: 108 | B15: 46193 | C15: 0.85023148 | D15: Anthony Wilson | F15: 70.729482 | G15: 2371.0532 | J15: Aidan Young
A16: 109 | B16: 46193 | C16: 0.85041667 | D16: Anthony Wilson | F16: 70.25308 | G16: 2393.1138 | I16: K | J16: Aidan Young | N16: 43.830123
A17: 110 | B17: 46193 | C17: 0.85069444 | D17: Anthony Wilson | E17: FB | F17: 83.084111 | G17: 1158.9977 | J17: Aidan Young
A18: 139 | B18: 46193 | C18: 0.86023148 | D18: Anthony Wilson | E18: FB | F18: 85.497873 | G18: 1094.5211 | H18: 1 | J18: Aidan Young
A19: 140 | B19: 46193 | C19: 0.86041667 | D19: Anthony Wilson | E19: SL | F19: 77.367314 | G19: 1724.5892 | H19: 0 | J19: Aidan Young
A20: 141 | B20: 46193 | C20: 0.86060185 | D20: Anthony Wilson | E20: CB | F20: 72.730363 | G20: 2419.2544 | H20: 1 | J20: Aidan Young
A21: 142 | B21: 46193 | C21: 0.86078704 | D21: Anthony Wilson | E21: SL | F21: 74.890039 | G21: 1105.9824 | H21: 0 | J21: Aidan Young
A22: 143 | B22: 46193 | C22: 0.86100694 | D22: Anthony Wilson | E22: FB | F22: 85.545514 | G22: 2125.25 | H22: 1 | I22: bK | J22: Aidan Young
A23: 178 | B23: 46193 | C23: 0.88253472 | D23: Drew Craig | E23: FB | F23: 76.779758 | G23: 2150.9719 | H23: 0 | J23: Aidan Young
A24: 179 | B24: 46193 | C24: 0.88269676 | D24: Drew Craig | E24: SL | F24: 73.047962 | G24: 2337.0591 | H24: 0 | J24: Aidan Young
A25: 180 | B25: 46193 | C25: 0.88296296 | D25: Drew Craig | E25: FB | F25: 76.414518 | G25: 2101.2842 | H25: 1 | I25: Foul | J25: Aidan Young | K25: 86.997759 | L25: 20.655521 | M25: -42.985615 | N25: 66.92523 | O25: 2953.1411 | P25: 254 | Q25: 1.2999247 | R25: 1.4723643 | S25: 98.538326 | T25: 0.88288246
A26: 181 | B26: 46193 | C26: 0.88321759 | D26: Drew Craig | E26: SL | F26: 70.475401 | G26: 1212.6408 | H26: 1 | J26: Aidan Young
A27: 182 | B27: 46193 | C27: 0.88350694 | D27: Drew Craig | E27: FB | F27: 78.002519 | G27: 2182.9226 | H27: 0 | J27: Aidan Young
A28: 183 | B28: 46193 | C28: 0.88376157 | D28: Drew Craig | E28: SL | F28: 72.666842 | G28: 1280.4403 | H28: 0 | I28: BB | J28: Aidan Young
A29: 198 | B29: 46197 | C29: 0.57978009 | D29: Sebastian Garcia | E29: FB | F29: 87.085873 | G29: 1085.9849 | H29: 1 | I29: Foul | J29: Aidan Young | K29: 80.17793 | L29: 41.245014 | M29: 42.189346 | N29: 65.576608 | P29: 291 | Q29: 1.2226605 | R29: 1.5126283 | S29: 99.193038 | T29: 0.808302
A30: 199 | B30: 46197 | C30: 0.58012731 | D30: Sebastian Garcia | E30: FB | F30: 86.768275 | G30: 1793.8013 | H30: 1 | J30: Aidan Young
A31: 200 | B31: 46197 | C31: 0.58037037 | D31: Sebastian Garcia | E31: SL | F31: 77.796075 | G31: 2209.9841 | H31: 0 | J31: Aidan Young
A32: 201 | B32: 46197 | C32: 0.58063657 | D32: Sebastian Garcia | E32: FB | F32: 84.910317 | G32: 1925.6492 | H32: 1 | I32: Foul | J32: Aidan Young | N32: 66.756652
A33: 202 | B33: 46197 | C33: 0.58096065 | D33: Sebastian Garcia | E33: SL | F33: 75.906356 | G33: 2114.1 | H33: 1 | I33: K | J33: Aidan Young | N33: 37.14322
A34: 236 | B34: 46197 | C34: 0.59570602 | D34: Sebastian Garcia | E34: FB | F34: 83.639915 | G34: 1955.8721 | H34: 0 | J34: Aidan Young
A35: 237 | B35: 46197 | C35: 0.59594907 | D35: Sebastian Garcia | E35: FB | F35: 83.465227 | G35: 2013.8984 | H35: 0 | J35: Aidan Young
A36: 238 | B36: 46197 | C36: 0.59616898 | D36: Sebastian Garcia | E36: SL | F36: 73.873722 | G36: 1104.5194 | H36: 0 | J36: Aidan Young
A37: 239 | B37: 46197 | C37: 0.59638889 | D37: Sebastian Garcia | E37: FB | F37: 83.576393 | G37: 1928.0399 | H37: 0 | J37: Aidan Young
A38: 240 | B38: 46197 | C38: 0.59659722 | D38: Sebastian Garcia | E38: FB | F38: 83.338196 | G38: 1889.4633 | H38: 1 | I38: Yes | J38: Aidan Young | L38: -59.820744 | M38: -6.4822268 | N38: 60.406902 | P38: 7
A39: 241 | B39: 46197 | C39: 0.59688657 | D39: Sebastian Garcia | E39: FB | F39: 87.085873 | G39: 1861.2362 | H39: 1 | J39: Aidan Young
A40: 242 | B40: 46197 | C40: 0.59706019 | D40: Sebastian Garcia | E40: FB | F40: 84.084556 | G40: 2056.9067 | H40: 0 | J40: Aidan Young
A41: 272 | B41: 46197 | C41: 0.60796296 | D41: Drew Craig | E41: FB | F41: 78.193075 | G41: 2122.5669 | H41: 0 | J41: Aidan Young
A42: 273 | B42: 46197 | C42: 0.6081713 | D42: Drew Craig | E42: FB | F42: 76.47804 | G42: 2051.8474 | H42: 0 | J42: Aidan Young
A43: 274 | B43: 46197 | C43: 0.61148148 | D43: Drew Craig | E43: FB | F43: 78.320118 | G43: 1056.7506 | H43: 0 | J43: Aidan Young
A44: 275 | B44: 46197 | C44: 0.61164352 | D44: Drew Craig | E44: FB | F44: 78.002519 | G44: 2137.8645 | H44: 1 | I44: Foul | J44: Aidan Young | N44: 61.025019
A45: 276 | B45: 46197 | C45: 0.61207176 | D45: Drew Craig | E45: SL | F45: 74.191321 | G45: 2522.8682 | H45: 0 | J45: Aidan Young
A46: 277 | B46: 46197 | C46: 0.61246528 | D46: Drew Craig | E46: SL | F46: 75.207638 | G46: 872.09515 | H46: 1 | I46: Yes | J46: Aidan Young | N46: 63.385103
A47: 278 | B47: 46197 | C47: 0.61265046 | D47: Drew Craig | E47: SL | F47: 74.191321 | G47: 2638.6836 | H47: 1 | I47: Foul | J47: Aidan Young | N47: 59.451632
A48: 279 | B48: 46197 | C48: 0.61296296 | D48: Drew Craig | E48: FB | F48: 78.891793 | G48: 2113.5625 | H48: 0 | J48: Aidan Young
A49: 280 | B49: 46197 | C49: 0.61318287 | D49: Drew Craig | E49: SL | F49: 74.762996 | G49: 266.3046 | H49: 1 | I49: Foul | J49: Aidan Young | N49: 58.777319
A50: 281 | B50: 46197 | C50: 0.61347222 | D50: Drew Craig | E50: FB | F50: 77.811955 | G50: 2071.8057 | H50: 0 | J50: Aidan Young
A51: 282 | B51: 46197 | C51: 0.61365741 | D51: Drew Craig | E51: FB | F51: 76.970314 | G51: 2171.4695 | H51: 0 | J51: Aidan Young
A52: 490 | B52: 46203 | C52: 0.784375 | D52: Drew Craig | E52: FB | F52: 78.002519 | G52: 2128.6892 | H52: 1 | I52: Foul | J52: Aidan Young | K52: 61.838851 | L52: -23.239725 | N52: 63.834642 | P52: 8 | Q52: 0.968735 | R52: 1.4930577 | S52: 95.308804 | T52: 0.64882622
A53: 491 | B53: 46203 | C53: 0.78459491 | D53: Drew Craig | E53: SL | F53: 73.921355 | G53: 1582.8162 | H53: 0 | I53: HBP | J53: Aidan Young
A54: 492 | B54: 46203 | C54: 0.78497685 | D54: Drew Craig | E54: FB | F54: 76.970314 | G54: 2159.749 | H54: 0 | J54: Aidan Young
A55: 493 | B55: 46203 | C55: 0.78519676 | D55: Drew Craig | E55: FB | F55: 75.525236 | G55: 2083.7383 | H55: 1 | I55: In Play | J55: Aidan Young | K55: 99.463883 | L55: 10.305729 | M55: -11.79813 | N55: 65.127068 | O55: 503.97842 | P55: 207 | Q55: 1.527228 | R55: 1.4769777 | S55: 96.191234 | T55: 1
A56: 537 | B56: 46203 | C56: 0.80138889 | D56: Drew Craig | E56: SL | F56: 70.681841 | G56: 2282.7744 | H56: 0 | J56: Aidan Young
A57: 538 | B57: 46203 | C57: 0.80159722 | D57: Drew Craig | E57: FB | F57: 73.984876 | G57: 2076.2236 | H57: 0 | J57: Aidan Young
A58: 539 | B58: 46203 | C58: 0.80184028 | D58: Drew Craig | E58: SL | F58: 72.031636 | G58: 831.87341 | H58: 1 | J58: Aidan Young
A59: 540 | B59: 46203 | C59: 0.8021412 | D59: Drew Craig | E59: SL | F59: 73.302039 | G59: 828.29846 | H59: 1 | J59: Aidan Young
A60: 541 | B60: 46203 | C60: 0.80236111 | D60: Drew Craig | E60: FB | F60: 75.001202 | G60: 2108.1863 | H60: 0 | J60: Aidan Young
A61: 542 | B61: 46203 | C61: 0.80263889 | D61: Drew Craig | E61: SL | F61: 72.98444 | G61: 2499.8013 | H61: 1 | I61: In Play | J61: Aidan Young | K61: 85.532116 | L61: 25.807251 | M61: 6.9241414 | N61: 58.468262 | O61: 1551.96 | P61: 280 | Q61: 1.4628811 | R61: 1.5030001 | S61: 87.877807 | T61: 0.97330734
A62: 586 | B62: 46203 | C62: 0.82387731 | D62: Sebastian Garcia | E62: SL | F62: 71.20588 | G62: 2188.6169 | H62: 0 | J62: Aidan Young
A63: 587 | B63: 46203 | C63: 0.82412037 | D63: Sebastian Garcia | E63: FB | F63: 82.178957 | G63: 2052.166 | H63: 1 | J63: Aidan Young
A64: 588 | B64: 46203 | C64: 0.82443287 | D64: Sebastian Garcia | E64: CH | F64: 72.2222 | G64: 1512.5701 | H64: 1 | I64: In Play | J64: Aidan Young | K64: 88.520847 | L64: 24.796433 | M64: -2.6977572 | N64: 61.193598 | O64: 3951.2336 | P64: 281 | Q64: 1.4465704 | R64: 1.4783213 | S64: 90.463797 | T64: 0.97852234
A65: 627 | B65: 46214 | C65: 0.47179398 | D65: Reagan Samples | E65: FB | F65: 82.750632 | G65: 1054.1666 | H65: 1 | J65: Aidan Young
A66: 628 | B66: 46214 | C66: 0.47193287 | D66: Reagan Samples | E66: SL | F66: 71.459961 | G66: 2115.6675 | H66: 0 | J66: Aidan Young
A67: 629 | B67: 46214 | C67: 0.47211806 | D67: Reagan Samples | E67: FB | F67: 83.004718 | G67: 1093.1719 | H67: 1 | I67: In Play | J67: Aidan Young | K67: 86.554014 | L67: 41.820171 | M67: 12.854705 | N67: 63.177395 | O67: 4747.34 | P67: 321 | Q67: 1.3700155 | R67: 1.6262586 | S67: 102.74278 | T67: 0.842434
A68: 657 | B68: 46214 | C68: 0.48232639 | D68: Gabriel Esteban | E68: SL | F68: 74.572441 | G68: 2271.6072 | H68: 0 | J68: Aidan Young
A69: 658 | B69: 46214 | C69: 0.4825463 | D69: Gabriel Esteban | E69: FB | F69: 84.465676 | G69: 2243.0261 | H69: 1 | I69: Foul | J69: Aidan Young | N69: 67.224345
A70: 659 | B70: 46214 | C70: 0.48292824 | D70: Gabriel Esteban | E70: SL | F70: 73.174996 | G70: 2184.4678 | H70: 1 | J70: Aidan Young
A71: 660 | B71: 46214 | C71: 0.483125 | D71: Gabriel Esteban | E71: FB | F71: 82.575957 | G71: 2070.9492 | H71: 1 | I71: bK | J71: Aidan Young
A72: 691 | B72: 46214 | C72: 0.49611111 | D72: Gabriel Esteban | E72: FB | F72: 83.147632 | G72: 2168.4565 | H72: 1 | I72: Yes | J72: Aidan Young | N72: 57.950086
A73: 692 | B73: 46214 | C73: 0.4962963 | D73: Gabriel Esteban | E73: SL | F73: 74.762996 | G73: 2263.271 | H73: 1 | I73: Yes | J73: Aidan Young | N73: 61.547373
A74: 693 | B74: 46214 | C74: 0.4966088 | D74: Gabriel Esteban | E74: SL | F74: 74.318355 | G74: 2226.511 | H74: 0 | J74: Aidan Young
A75: 694 | B75: 46214 | C75: 0.49694444 | D75: Gabriel Esteban | E75: FB | F75: 84.148077 | G75: 2210.0042 | H75: 1 | I75: In Play | J75: Aidan Young | K75: 78.60005 | L75: 41.745903 | M75: 4.7559629 | N75: 59.580104 | O75: 1779.7603 | P75: 283 | Q75: 1.3192332 | R75: 1.6707563 | S75: 99.543831 | T75: 0.78960243
A76: 732 | B76: 46214 | C76: 0.51034722 | D76: Reagan Samples | E76: SL | F76: 71.650516 | G76: 2220.072 | H76: 0 | J76: Aidan Young
A77: 733 | B77: 46214 | C77: 0.51054398 | D77: Reagan Samples | E77: FB 2 | F77: 76.541561 | G77: 1895.5398 | H77: 1 | I77: Foul | J77: Aidan Young | N77: 68.292292
A78: 734 | B78: 46214 | C78: 0.5108912 | D78: Reagan Samples | E78: FB | F78: 85.37083 | G78: 2193.2432 | H78: 1 | J78: Aidan Young
A79: 735 | B79: 46214 | C79: 0.51105324 | D79: Reagan Samples | E79: SL 2 | F79: 71.01532 | G79: 2015.1921 | H79: 1 | I79: K | J79: Aidan Young | N79: 55.083495
A80: 758 | B80: 46214 | C80: 0.5262037 | D80: Sebastian Garcia | E80: FB | F80: 82.941196 | G80: 1990.0167 | H80: 1 | I80: In Play | J80: Aidan Young | K80: 90.441465 | L80: 20.070631 | M80: 15.449938 | N80: 62.783941 | O80: 1677.1982 | P80: 265 | Q80: 1.4405191 | R80: 1.6383122 | S80: 102.85969 | T80: 0.87927017
A81: 780 | B81: 46214 | C81: 0.5384375 | D81: Sebastian Garcia | E81: FB | F81: 85.481992 | G81: 2065.9626 | H81: 1 | I81: Foul | J81: Aidan Young | N81: 64.470172
A82: 781 | B82: 46214 | C82: 0.53880787 | D82: Sebastian Garcia | E82: CH | F82: 74.953561 | G82: 1568.5101 | H82: 1 | I82: Foul | J82: Aidan Young | N82: 62.446694
A83: 782 | B83: 46214 | C83: 0.53914352 | D83: Sebastian Garcia | E83: SL | F83: 75.001202 | G83: 2163.7126 | H83: 1 | I83: bK | J83: Aidan Young
A84: 799 | B84: 46218 | C84: 0.44841435 | D84: Drew Craig | E84: SL | F84: 72.539799 | G84: 2318.2903 | H84: 1 | J84: Aidan Young
A85: 800 | B85: 46218 | C85: 0.44861111 | D85: Drew Craig | E85: FB | F85: 76.033399 | G85: 1935.3021 | H85: 0 | J85: Aidan Young
A86: 801 | B86: 46218 | C86: 0.44884259 | D86: Drew Craig | E86: CH | F86: 74.93768 | G86: 1805.4324 | H86: 0 | J86: Aidan Young
A87: 802 | B87: 46218 | C87: 0.44907407 | D87: Drew Craig | E87: SL | F87: 71.332922 | G87: 166.45335 | H87: 1 | I87: Foul | J87: Aidan Young | N87: 58.397991
A88: 803 | B88: 46218 | C88: 0.44960648 | D88: Drew Craig | E88: SL | F88: 71.968123 | G88: 1159.2101 | H88: 1 | I88: K | J88: Aidan Young | N88: 61.673699
A89: 835 | B89: 46218 | C89: 0.46195602 | D89: Drew Craig | E89: SL | F89: 71.507602 | G89: 2481.2864 | H89: 0 | I89: HBP | J89: Aidan Young
A90: 836 | B90: 46218 | C90: 0.46232639 | D90: Drew Craig | E90: FB | F90: 75.7158 | G90: 1880.3387 | H90: 1 | I90: Foul | J90: Aidan Young | N90: 62.803252
A91: 837 | B91: 46218 | C91: 0.46267361 | D91: Drew Craig | E91: FB | F91: 76.541561 | G91: 1000.8133 | H91: 1 | I91: Foul | J91: Aidan Young | N91: 62.63382
A92: 838 | B92: 46218 | C92: 0.46304398 | D92: Drew Craig | E92: SL | F92: 71.380559 | G92: 2284.4109 | H92: 1 | I92: bK | J92: Aidan Young
A93: 863 | B93: 46218 | C93: 0.47396991 | D93: Drew Craig | E93: SL | F93: 70.6342 | G93: 775.92139 | H93: 1 | I93: Foul | J93: Aidan Young | N93: 64.949407
A94: 864 | B94: 46218 | C94: 0.47434028 | D94: Drew Craig | E94: CH | F94: 72.714483 | G94: 1586.109 | H94: 0 | J94: Aidan Young
A95: 865 | B95: 46218 | C95: 0.47459491 | D95: Drew Craig | E95: SL | F95: 69.236763 | G95: 2328.5564 | H95: 0 | J95: Aidan Young
A96: 866 | B96: 46218 | C96: 0.47554398 | D96: Drew Craig | E96: SL | F96: 70.04664 | G96: 752.48645 | H96: 1 | I96: In Play | J96: Aidan Young | K96: 76.905128 | L96: 50.228432 | M96: -7.3485303 | N96: 63.537464 | O96: 4228.2192 | P96: 265 | Q96: 1.2103903 | R96: 1.5688617 | S96: 99.681489 | T96: 0.77150856
A97: 886 | B97: 46221 | C97: 0.42637731 | D97: Gabriel Esteban | E97: CT | F97: 76.716237 | G97: 2217.1401 | H97: 0 | J97: Aidan Young
A98: 887 | B98: 46221 | C98: 0.4265625 | D98: Gabriel Esteban | E98: SL | F98: 71.714038 | G98: 2176.4568 | H98: 0 | J98: Aidan Young
A99: 888 | B99: 46221 | C99: 0.42674769 | D99: Gabriel Esteban | E99: FB | F99: 82.639478 | G99: 2277.4321 | H99: 1 | I99: Foul | J99: Aidan Young | N99: 64.388603
A100: 889 | B100: 46221 | C100: 0.42706019 | D100: Gabriel Esteban | E100: FB | F100: 83.465227 | G100: 2245.4517 | H100: 0 | J100: Aidan Young
...

Sheet Totals
B2: 2026 Shepherds Pitching Stat Sheet
B3: # | C3: Name | D3: G | E3: IP | F3: TP | G3: B | H3: S | I3: S% | J3: P/IP | K3: P/PA | L3: BF | M3: H | N3: BB | O3: BB% | P3: BB/9 | Q3: HBP | R3: WHIP | S3: K | T3: K/9 | U3: K% | V3: K/BB | W3: K%-BB% | X3: BAA | Y3: FPS | Z3: FPS% | AA3: 0.66666667 | AB3: 2/3% | AC3: <3P | AD3: <3P% | AE3: 3BC | AF3: 3BC% | AG3: 3BC-BB% | AH3: TFB | AI3: FB K | AJ3: S/M | AK3: TSW | AL3: TCB | AM3: CB K | AN3: S/M | AO3: TSW | AP3: TCH | AQ3: CH K | AR3: S/M | AS3: TSW | AT3: TO | AU3: O K | AV3: S/M | AW3: TSW | AX3: SW/M% | AY3: FB K% | AZ3: FB S/M% | BA3: CB K% | BB3: CB S/M% | BC3: CH K% | BD3: CH S/M% | BE3: O K% | BF3: O S/M% | BG3: FB USG | BH3: CB USG | BI3: CH USG | BJ3: O USG
C4: Andrew Craig | D4: 6 | E4: =SUM(Craig!C5:M5) -> 11 | F4: =SUM(Craig!C6:M6) -> 221 | G4: =SUM(Craig!C7:M7) -> 126 | H4: =SUM(Craig!C8:M8) -> 95 | I4: =H4/F4 -> 0.42986425 | J4: =F4/E4 -> 20.090909 | K4: =F4/L4 -> 4.25 | L4: =SUM(Craig!C12:M12) -> 52 | M4: =SUM(Craig!C13:M13) -> 8 | N4: =SUM(Craig!C14:M14) -> 16 | O4: =N4/L4 -> 0.30769231 | P4: =(N4*9)/E4 -> 13.090909 | Q4: =SUM(Craig!C17:M17) -> 2 | R4: =(M4+N4)/E4 -> 2.1818182 | S4: =SUM(Craig!C19:M20) -> 10 | T4: =(S4*9)/E4 -> 8.1818182 | U4: =S4/L4 -> 0.19230769 | V4: =S4/N4 -> 0.625 | W4: =U4-O4 -> -0.11538462 | X4: =M4/(L4-N4-Q4) -> 0.23529412 | Y4: =SUM(Craig!C26:M26) -> 19 | Z4: =Y4/L4 -> 0.36538462 | AA4: =SUM(Craig!C28:M28) -> 8 | AB4: =AA4/L4 -> 0.15384615 | AC4: =SUM(Craig!C30:M30) -> 16 | AD4: =AC4/L4 -> 0.30769231 | AE4: =SUM(Craig!C32:M32) -> 22 | AF4: =AE4/L4 -> 0.42307692 | AG4: =N4/AE4 -> 0.72727273 | AH4: =SUM(Craig!C34:M34) -> 108 | AI4: =SUM(Craig!C35:M35) -> 31 | AJ4: =SUM(Craig!C51:M51) -> 6 | AK4: =SUM(Craig!C50:M50) -> 38 | AL4: =SUM(Craig!C38:M38) -> 0 | AM4: =SUM(Craig!C39:M39) -> 0 | AN4: =SUM(Craig!C54:M54) -> 0 | AO4: =SUM(Craig!C53:M53) -> 0 | AP4: =SUM(Craig!C42:M42) -> 12 | AQ4: =SUM(Craig!C43:M43) -> 4 | AR4: =SUM(Craig!C57:M57) -> 3 | AS4: =SUM(Craig!C56:M56) -> 4 | AT4: =SUM(Craig!C46:M46) -> 101 | AU4: =SUM(Craig!C47:M47) -> 39 | AV4: =SUM(Craig!C60:M60) -> 15 | AW4: =SUM(Craig!C59:M59) -> 38 | AX4: =(SUM(AJ4+AN4+AR4+AV4)/SUM(AK4+AO4+AS4+AW4)) -> 0.3 | AY4: =AI4/AH4 -> 0.28703704 | AZ4: =AJ4/AK4 -> 0.15789474 | BA4: =AM4/AL4 -> #DIV/0! | BB4: =AN4/AO4 -> #DIV/0! | BC4: =AQ4/AP4 -> 0.33333333 | BD4: =AR4/AS4 -> 0.75 | BE4: =AU4/AT4 -> 0.38613861 | BF4: =AV4/AW4 -> 0.39473684 | BG4: =AH4/F4 -> 0.48868778 | BH4: =AL4/F4 -> 0 | BI4: =AP4/F4 -> 0.054298643 | BJ4: =AT4/F4 -> 0.45701357 | BK4: =SUM(BG4:BJ4) -> 1
C5: Gabriel Esteban | D5: 6 | E5: =SUM(Esteban!C5:M5) -> 12.333333 | F5: =SUM(Esteban!C6:M6) -> 319 | G5: =SUM(Esteban!C7:M7) -> 143 | H5: =SUM(Esteban!C8:M8) -> 176 | I5: =H5/F5 -> 0.55172414 | J5: =F5/E5 -> 25.864865 | K5: =F5/L5 -> 4.761194 | L5: =SUM(Esteban!C12:M12) -> 67 | M5: =SUM(Esteban!C13:M13) -> 13 | N5: =SUM(Esteban!C14:M14) -> 13 | O5: =N5/L5 -> 0.19402985 | P5: =(N5*9)/E5 -> 9.4864865 | Q5: =SUM(Esteban!C17:M17) -> 2 | R5: =(M5+N5)/E5 -> 2.1081081 | S5: =SUM(Esteban!C19:M20) -> 14 | T5: =(S5*9)/E5 -> 10.216216 | U5: =S5/L5 -> 0.20895522 | V5: =S5/N5 -> 1.0769231 | W5: =U5-O5 -> 0.014925373 | X5: =M5/(L5-N5-Q5) -> 0.25 | Y5: =SUM(Esteban!C26:M26) -> 23 | Z5: =Y5/L5 -> 0.34328358 | AA5: =SUM(Esteban!C28:M28) -> 23 | AB5: =AA5/L5 -> 0.34328358 | AC5: =SUM(Esteban!C30:M30) -> 17 | AD5: =AC5/L5 -> 0.25373134 | AE5: =SUM(Esteban!C32:M32) -> 29 | AF5: =AE5/L5 -> 0.43283582 | AG5: =N5/AE5 -> 0.44827586 | AH5: =SUM(Esteban!C34:M34) -> 127 | AI5: =SUM(Esteban!C35:M35) -> 76 | AJ5: =SUM(Esteban!C51:M51) -> 19 | AK5: =SUM(Esteban!C50:M50) -> 66 | AL5: =SUM(Esteban!C38:M38) -> 103 | AM5: =SUM(Esteban!C39:M39) -> 48 | AN5: =SUM(Esteban!C54:M54) -> 12 | AO5: =SUM(Esteban!C53:M53) -> 34 | AP5: =SUM(Esteban!C42:M42) -> 14 | AQ5: =SUM(Esteban!C43:M43) -> 7 | AR5: =SUM(Esteban!C57:M57) -> 0 | AS5: =SUM(Esteban!C56:M56) -> 6 | AT5: =SUM(Esteban!C46:M46) -> 56 | AU5: =SUM(Esteban!C47:M47) -> 26 | AV5: =SUM(Esteban!C60:M60) -> 6 | AW5: =SUM(Esteban!C59:M59) -> 23 | AX5: =(SUM(AJ5+AN5+AR5+AV5)/SUM(AK5+AO5+AS5+AW5)) -> 0.28682171 | AY5: =AI5/AH5 -> 0.5984252 | AZ5: =AJ5/AK5 -> 0.28787879 | BA5: =AM5/AL5 -> 0.46601942 | BB5: =AN5/AO5 -> 0.35294118 | BC5: =AQ5/AP5 -> 0.5 | BD5: =AR5/AS5 -> 0 | BE5: =AU5/AT5 -> 0.46428571 | BF5: =AV5/AW5 -> 0.26086957 | BG5: =AH5/F5 -> 0.39811912 | BH5: =AL5/F5 -> 0.32288401 | BI5: =AP5/F5 -> 0.043887147 | BJ5: =AT5/F5 -> 0.17554859 | BK5: =SUM(BG5:BJ5) -> 0.94043887
C6: Sebastian Garcia | D6: 8 | E6: =SUM(Garcia!C5:M5) -> 15 | F6: =SUM(Garcia!C6:M6) -> 288 | G6: =SUM(Garcia!C7:M7) -> 117 | H6: =SUM(Garcia!C8:M8) -> 171 | I6: =H6/F6 -> 0.59375 | J6: =F6/E6 -> 19.2 | K6: =F6/L6 -> 4.2985075 | L6: =SUM(Garcia!C12:M12) -> 67 | M6: =SUM(Garcia!C13:M13) -> 11 | N6: =SUM(Garcia!C14:M14) -> 11 | O6: =N6/L6 -> 0.1641791 | P6: =(N6*9)/E6 -> 6.6 | Q6: =SUM(Garcia!C17:M17) -> 0 | R6: =(M6+N6)/E6 -> 1.4666667 | S6: =SUM(Garcia!C19:M20) -> 22 | T6: =(S6*9)/E6 -> 13.2 | U6: =S6/L6 -> 0.32835821 | V6: =S6/N6 -> 2 | W6: =U6-O6 -> 0.1641791 | X6: =M6/(L6-N6-Q6) -> 0.19642857 | Y6: =SUM(Garcia!C26:M26) -> 36 | Z6: =Y6/L6 -> 0.53731343 | AA6: =SUM(Garcia!C28:M28) -> 32 | AB6: =AA6/L6 -> 0.47761194 | AC6: =SUM(Garcia!C30:M30) -> 26 | AD6: =AC6/L6 -> 0.3880597 | AE6: =SUM(Garcia!C32:M32) -> 17 | AF6: =AE6/L6 -> 0.25373134 | AG6: =N6/AE6 -> 0.64705882 | AH6: =SUM(Garcia!C34:M34) -> 156 | AI6: =SUM(Garcia!C35:M35) -> 97 | AJ6: =SUM(Garcia!C51:M51) -> 18 | AK6: =SUM(Garcia!C50:M50) -> 77 | AL6: =SUM(Garcia!C38:M38) -> 0 | AM6: =SUM(Garcia!C39:M39) -> 0 | AN6: =SUM(Garcia!C54:M54) -> 0 | AO6: =SUM(Garcia!C53:M53) -> 0 | AP6: =SUM(Garcia!C42:M42) -> 41 | AQ6: =SUM(Garcia!C43:M43) -> 26 | AR6: =SUM(Garcia!C57:M57) -> 8 | AS6: =SUM(Garcia!C56:M56) -> 24 | AT6: =SUM(Garcia!C46:M46) -> 91 | AU6: =SUM(Garcia!C47:M47) -> 48 | AV6: =SUM(Garcia!C60:M60) -> 18 | AW6: =SUM(Garcia!C59:M59) -> 32 | AX6: =(SUM(AJ6+AN6+AR6+AV6)/SUM(AK6+AO6+AS6+AW6)) -> 0.33082707 | AY6: =AI6/AH6 -> 0.62179487 | AZ6: =AJ6/AK6 -> 0.23376623 | BA6: =AM6/AL6 -> #DIV/0! | BB6: =AN6/AO6 -> #DIV/0! | BC6: =AQ6/AP6 -> 0.63414634 | BD6: =AR6/AS6 -> 0.33333333 | BE6: =AU6/AT6 -> 0.52747253 | BF6: =AV6/AW6 -> 0.5625 | BG6: =AH6/F6 -> 0.54166667 | BH6: =AL6/F6 -> 0 | BI6: =AP6/F6 -> 0.14236111 | BJ6: =AT6/F6 -> 0.31597222 | BK6: =SUM(BG6:BJ6) -> 1
C7: Jackson Orr | D7: 5 | E7: =SUM('Orr (P)'!C5:M5) -> 6.6666667 | F7: =SUM('Orr (P)'!C6:M6) -> 172 | G7: =SUM('Orr (P)'!C7:M7) -> 85 | H7: =SUM('Orr (P)'!C8:M8) -> 84 | I7: =H7/F7 -> 0.48837209 | J7: =F7/E7 -> 25.8 | K7: =F7/L7 -> 4.7777778 | L7: =SUM('Orr (P)'!C12:M12) -> 36 | M7: =SUM('Orr (P)'!C13:M13) -> 7 | N7: =SUM('Orr (P)'!C14:M14) -> 10 | O7: =N7/L7 -> 0.27777778 | P7: =(N7*9)/E7 -> 13.5 | Q7: =SUM('Orr (P)'!C17:M17) -> 1 | R7: =(M7+N7)/E7 -> 2.55 | S7: =SUM('Orr (P)'!C19:M20) -> 10 | T7: =(S7*9)/E7 -> 13.5 | U7: =S7/L7 -> 0.27777778 | V7: =S7/N7 -> 1 | W7: =U7-O7 -> 0 | X7: =M7/(L7-N7-Q7) -> 0.28 | Y7: =SUM('Orr (P)'!C26:M26) -> 16 | Z7: =Y7/L7 -> 0.44444444 | AA7: =SUM('Orr (P)'!C28:M28) -> 12 | AB7: =AA7/L7 -> 0.33333333 | AC7: =SUM('Orr (P)'!C30:M30) -> 9 | AD7: =AC7/L7 -> 0.25 | AE7: =SUM('Orr (P)'!C32:M32) -> 17 | AF7: =AE7/L7 -> 0.47222222 | AG7: =N7/AE7 -> 0.58823529 | AH7: =SUM('Orr (P)'!C34:M34) -> 102 | AI7: =SUM('Orr (P)'!C35:M35) -> 58 | AJ7: =SUM('Orr (P)'!C51:M51) -> 11 | AK7: =SUM('Orr (P)'!C50:M50) -> 40 | AL7: =SUM('Orr (P)'!C38:M38) -> 18 | AM7: =SUM('Orr (P)'!C39:M39) -> 6 | AN7: =SUM('Orr (P)'!C54:M54) -> 1 | AO7: =SUM('Orr (P)'!C53:M53) -> 2 | AP7: =SUM('Orr (P)'!C42:M42) -> 11 | AQ7: =SUM('Orr (P)'!C43:M43) -> 3 | AR7: =SUM('Orr (P)'!C57:M57) -> 1 | AS7: =SUM('Orr (P)'!C56:M56) -> 2 | AT7: =SUM('Orr (P)'!C46:M46) -> 41 | AU7: =SUM('Orr (P)'!C47:M47) -> 17 | AV7: =SUM('Orr (P)'!C60:M60) -> 9 | AW7: =SUM('Orr (P)'!C59:M59) -> 12 | AX7: =(SUM(AJ7+AN7+AR7+AV7)/SUM(AK7+AO7+AS7+AW7)) -> 0.39285714 | AY7: =AI7/AH7 -> 0.56862745 | AZ7: =AJ7/AK7 -> 0.275 | BA7: =AM7/AL7 -> 0.33333333 | BB7: =AN7/AO7 -> 0.5 | BC7: =AQ7/AP7 -> 0.27272727 | BD7: =AR7/AS7 -> 0.5 | BE7: =AU7/AT7 -> 0.41463415 | BF7: =AV7/AW7 -> 0.75 | BG7: =AH7/F7 -> 0.59302326 | BH7: =AL7/F7 -> 0.10465116 | BI7: =AP7/F7 -> 0.063953488 | BJ7: =AT7/F7 -> 0.23837209 | BK7: =SUM(BG7:BJ7) -> 1
C8: Reagan Samples | D8: 5 | E8: =SUM('Samples (P)'!C5:M5) -> 15 | F8: =SUM('Samples (P)'!C6:M6) -> 258 | G8: =SUM('Samples (P)'!C7:M7) -> 105 | H8: =SUM('Samples (P)'!C8:M8) -> 153 | I8: =H8/F8 -> 0.59302326 | J8: =F8/E8 -> 17.2 | K8: =F8/L8 -> 4.0952381 | L8: =SUM('Samples (P)'!C12:M12) -> 63 | M8: =SUM('Samples (P)'!C13:M13) -> 12 | N8: =SUM('Samples (P)'!C14:M14) -> 8 | O8: =N8/L8 -> 0.12698413 | P8: =(N8*9)/E8 -> 4.8 | Q8: =SUM('Samples (P)'!C17:M17) -> 1 | R8: =(M8+N8)/E8 -> 1.3333333 | S8: =SUM('Samples (P)'!C19:M20) -> 13 | T8: =(S8*9)/E8 -> 7.8 | U8: =S8/L8 -> 0.20634921 | V8: =S8/N8 -> 1.625 | W8: =U8-O8 -> 0.079365079 | X8: =M8/(L8-N8-Q8) -> 0.22222222 | Y8: =SUM('Samples (P)'!C26:M26) -> 34 | Z8: =Y8/L8 -> 0.53968254 | AA8: =SUM('Samples (P)'!C28:M28) -> 33 | AB8: =AA8/L8 -> 0.52380952 | AC8: =SUM('Samples (P)'!C30:M30) -> 25 | AD8: =AC8/L8 -> 0.3968254 | AE8: =SUM('Samples (P)'!C32:M32) -> 18 | AF8: =AE8/L8 -> 0.28571429 | AG8: =N8/AE8 -> 0.44444444 | AH8: =SUM('Samples (P)'!C34:M34) -> 113 | AI8: =SUM('Samples (P)'!C35:M35) -> 72 | AJ8: =SUM('Samples (P)'!C51:M51) -> 10 | AK8: =SUM('Samples (P)'!C50:M50) -> 52 | AL8: =SUM('Samples (P)'!C38:M38) -> 95 | AM8: =SUM('Samples (P)'!C39:M39) -> 52 | AN8: =SUM('Samples (P)'!C54:M54) -> 17 | AO8: =SUM('Samples (P)'!C53:M53) -> 43 | AP8: =SUM('Samples (P)'!C42:M42) -> 16 | AQ8: =SUM('Samples (P)'!C43:M43) -> 13 | AR8: =SUM('Samples (P)'!C57:M57) -> 4 | AS8: =SUM('Samples (P)'!C56:M56) -> 13 | AT8: =SUM('Samples (P)'!C46:M46) -> 34 | AU8: =SUM('Samples (P)'!C47:M47) -> 16 | AV8: =SUM('Samples (P)'!C60:M60) -> 4 | AW8: =SUM('Samples (P)'!C59:M59) -> 13 | AX8: =(SUM(AJ8+AN8+AR8+AV8)/SUM(AK8+AO8+AS8+AW8)) -> 0.2892562 | AY8: =AI8/AH8 -> 0.63716814 | AZ8: =AJ8/AK8 -> 0.19230769 | BA8: =AM8/AL8 -> 0.54736842 | BB8: =AN8/AO8 -> 0.39534884 | BC8: =AQ8/AP8 -> 0.8125 | BD8: =AR8/AS8 -> 0.30769231 | BE8: =AU8/AT8 -> 0.47058824 | BF8: =AV8/AW8 -> 0.30769231 | BG8: =AH8/F8 -> 0.4379845 | BH8: =AL8/F8 -> 0.36821705 | BI8: =AP8/F8 -> 0.062015504 | BJ8: =AT8/F8 -> 0.13178295 | BK8: =SUM(BG8:BJ8) -> 1
C9: Jonathon Van Ness | D9: 0 | E9: =SUM('Van Ness'!C5:M5) -> 0 | F9: =SUM(Craig!C6:M6) -> 221 | G9: =SUM(Craig!C7:M7) -> 126 | H9: =SUM(Craig!C8:M8) -> 95 | I9: =H9/F9 -> 0.42986425 | J9: =F9/E9 -> #DIV/0! | K9: =F9/L9 -> 4.25 | L9: =SUM(Craig!C12:M12) -> 52 | M9: =SUM(Craig!C13:M13) -> 8 | N9: =SUM(Craig!C14:M14) -> 16 | O9: =N9/L9 -> 0.30769231 | P9: =(N9*9)/E9 -> #DIV/0! | Q9: =SUM(Craig!C17:M17) -> 2 | R9: =(M9+N9)/E9 -> #DIV/0! | S9: =SUM(Craig!C19:M20) -> 10 | T9: =(S9*9)/E9 -> #DIV/0! | U9: =S9/L9 -> 0.19230769 | V9: =S9/N9 -> 0.625 | W9: =U9-O9 -> -0.11538462 | X9: =M9/(L9-N9-Q9) -> 0.23529412 | Y9: =SUM(Craig!C26:M26) -> 19 | Z9: =Y9/L9 -> 0.36538462 | AA9: =SUM(Craig!C28:M28) -> 8 | AB9: =AA9/L9 -> 0.15384615 | AC9: =SUM(Craig!C30:M30) -> 16 | AD9: =AC9/L9 -> 0.30769231 | AE9: =SUM(Craig!C32:M32) -> 22 | AF9: =AE9/L9 -> 0.42307692 | AG9: =N9/AE9 -> 0.72727273 | AH9: =SUM(Craig!C34:M34) -> 108 | AI9: =SUM(Craig!C35:M35) -> 31 | AJ9: =SUM(Craig!C51:M51) -> 6 | AK9: =SUM(Craig!C50:M50) -> 38 | AL9: =SUM(Craig!C38:M38) -> 0 | AM9: =SUM(Craig!C39:M39) -> 0 | AN9: =SUM(Craig!C54:M54) -> 0 | AO9: =SUM(Craig!C53:M53) -> 0 | AP9: =SUM(Craig!C42:M42) -> 12 | AQ9: =SUM(Craig!C43:M43) -> 4 | AR9: =SUM(Craig!C57:M57) -> 3 | AS9: =SUM(Craig!C56:M56) -> 4 | AT9: =SUM(Craig!C46:M46) -> 101 | AU9: =SUM(Craig!C47:M47) -> 39 | AV9: =SUM(Craig!C60:M60) -> 15 | AW9: =SUM(Craig!C59:M59) -> 38 | AX9: =(SUM(AJ9+AN9+AR9+AV9)/SUM(AK9+AO9+AS9+AW9)) -> 0.3 | AY9: =AI9/AH9 -> 0.28703704 | AZ9: =AJ9/AK9 -> 0.15789474 | BA9: =AM9/AL9 -> #DIV/0! | BB9: =AN9/AO9 -> #DIV/0! | BC9: =AQ9/AP9 -> 0.33333333 | BD9: =AR9/AS9 -> 0.75 | BE9: =AU9/AT9 -> 0.38613861 | BF9: =AV9/AW9 -> 0.39473684 | BG9: =AH9/F9 -> 0.48868778 | BH9: =AL9/F9 -> 0 | BI9: =AP9/F9 -> 0.054298643 | BJ9: =AT9/F9 -> 0.45701357 | BK9: =SUM(BG9:BJ9) -> 1
C10: Carter Walsh | D10: 1 | E10: =SUM('Walsh (P)'!C5:M5) -> 1 | F10: =SUM('Walsh (P)'!C6:M6) -> 22 | G10: =SUM('Walsh (P)'!C7:M7) -> 10 | H10: =SUM('Walsh (P)'!C8:M8) -> 12 | I10: =H10/F10 -> 0.54545455 | J10: =F10/E10 -> 22 | K10: =F10/L10 -> 4.4 | L10: =SUM('Walsh (P)'!C12:M12) -> 5 | M10: =SUM('Walsh (P)'!C13:M13) -> 1 | N10: =SUM('Walsh (P)'!C14:M14) -> 1 | O10: =N10/L10 -> 0.2 | P10: =(N10*9)/E10 -> 9 | Q10: =SUM('Walsh (P)'!C17:M17) -> 0 | R10: =(M10+N10)/E10 -> 2 | S10: =SUM('Walsh (P)'!C19:M20) -> 2 | T10: =(S10*9)/E10 -> 18 | U10: =S10/L10 -> 0.4 | V10: =S10/N10 -> 2 | W10: =U10-O10 -> 0.2 | X10: =M10/(L10-N10-Q10) -> 0.25 | Y10: =SUM('Walsh (P)'!C26:M26) -> 2 | Z10: =Y10/L10 -> 0.4 | AA10: =SUM('Walsh (P)'!C28:M28) -> 2 | AB10: =AA10/L10 -> 0.4 | AC10: =SUM('Walsh (P)'!C30:M30) -> 1 | AD10: =AC10/L10 -> 0.2 | AE10: =SUM('Walsh (P)'!C32:M32) -> 2 | AF10: =AE10/L10 -> 0.4 | AG10: =N10/AE10 -> 0.5 | AH10: =SUM('Walsh (P)'!C34:M34) -> 12 | AI10: =SUM('Walsh (P)'!C35:M35) -> 6 | AJ10: =SUM('Walsh (P)'!C51:M51) -> 2 | AK10: =SUM('Walsh (P)'!C50:M50) -> 4 | AL10: =SUM('Walsh (P)'!C38:M38) -> 3 | AM10: =SUM('Walsh (P)'!C39:M39) -> 3 | AN10: =SUM('Walsh (P)'!C54:M54) -> 0 | AO10: =SUM('Walsh (P)'!C53:M53) -> 1 | AP10: =SUM('Walsh (P)'!C42:M42) -> 3 | AQ10: =SUM('Walsh (P)'!C43:M43) -> 1 | AR10: =SUM('Walsh (P)'!C57:M57) -> 0 | AS10: =SUM('Walsh (P)'!C56:M56) -> 1 | AT10: =SUM('Walsh (P)'!C46:M46) -> 4 | AU10: =SUM('Walsh (P)'!C47:M47) -> 2 | AV10: =SUM('Walsh (P)'!C60:M60) -> 1 | AW10: =SUM('Walsh (P)'!C59:M59) -> 1 | AX10: =(SUM(AJ10+AN10+AR10+AV10)/SUM(AK10+AO10+AS10+AW10)) -> 0.42857143 | AY10: =AI10/AH10 -> 0.5 | AZ10: =AJ10/AK10 -> 0.5 | BA10: =AM10/AL10 -> 1 | BB10: =AN10/AO10 -> 0 | BC10: =AQ10/AP10 -> 0.33333333 | BD10: =AR10/AS10 -> 0 | BE10: =AU10/AT10 -> 0.5 | BF10: =AV10/AW10 -> 1 | BG10: =AH10/F10 -> 0.54545455 | BH10: =AL10/F10 -> 0.13636364 | BI10: =AP10/F10 -> 0.13636364 | BJ10: =AT10/F10 -> 0.18181818 | BK10: =SUM(BG10:BJ10) -> 1
B11: TOTALS | D11: =SUM(D4:D10) -> 31 | E11: =SUM(E4:E10) -> 61 | F11: =SUM(F4:F10) -> 1501 | G11: =SUM(G4:G10) -> 712 | H11: =SUM(H4:H10) -> 786 | I11: =H11/F11 -> 0.5236509 | J11: =F11/E11 -> 24.606557 | K11: =F11/L11 -> 4.3888889 | L11: =SUM(L4:L10) -> 342 | M11: =SUM(M4:M10) -> 60 | N11: =SUM(N4:N10) -> 75 | O11: =N11/L11 -> 0.21929825 | P11: =(N11*9)/E11 -> 11.065574 | Q11: =SUM(Q4:Q10) -> 8 | R11: =(N11+M11)/E11 -> 2.2131148 | S11: =SUM(S4:S10) -> 81 | T11: =(S11*9)/E11 -> 11.95082 | U11: =S11/L11 -> 0.23684211 | V11: =S11/N11 -> 1.08 | W11: =U11-O11 -> 0.01754386 | X11: =M11/(L11-N11-Q11) -> 0.23166023 | Y11: =SUM(Y4:Y10) -> 149 | Z11: =Y11/L11 -> 0.43567251 | AA11: =SUM(AA4:AA10) -> 118 | AB11: =AA11/L11 -> 0.34502924 | AC11: =SUM(AC4:AC10) -> 110 | AD11: =AC11/L11 -> 0.32163743 | AE11: =SUM(AE4:AE10) -> 127 | AF11: =AE11/L11 -> 0.37134503 | AG11: =N11/AE11 -> 0.59055118 | AH11: =SUM(AH4:AH10) -> 726 | AI11: =SUM(AI4:AI10) -> 371 | AJ11: =SUM(AJ4:AJ10) -> 72 | AK11: =SUM(AK4:AK10) -> 315 | AL11: =SUM(AL4:AL10) -> 219 | AM11: =SUM(AM4:AM10) -> 109 | AN11: =SUM(AN4:AN10) -> 30 | AO11: =SUM(AO4:AO10) -> 80 | ... AW11: =SUM(AW4:AW10) -> 157 | AX11: =(SUM(AJ11+AN11+AR11+AV11)/SUM(AK11+AO11+AS11+AW11)) -> 0.31188119 | AY11: =AI11/AH11 -> 0.51101928 | AZ11: =AJ11/AI11 -> 0.19407008 | BA11: =AM11/AL11 -> 0.49771689 | BB11: =AN11/AM11 -> 0.27522936 | BC11: =AQ11/AP11 -> 0.53211009 | BD11: =AR11/AS11 -> 0.35185185 | BE11: =AU11/AT11 -> 0.43691589 | BF11: =AV11/AW11 -> 0.43312102 | BG11: =AH11/F11 -> 0.48367755 | BH11: =AL11/F11 -> 0.14590273 | BI11: =AP11/F11 -> 0.072618254 | BJ11: =AT11/F11 -> 0.28514324 | BK11: =SUM(BG11:BJ11) -> 0.98734177
C13: Last Updated | D13: 46252 | AH13: =29+4+36 -> 69 | AV13: FB SW/FBK | AX13: =AK11/AI11 -> 0.8490566 | AZ13: CB SW/CBK | BB13: =AO11/AM11 -> 0.73394495 | BD13: CH SW/CHK | BF13: =AS11/AQ11 -> 0.93103448 | BH13: SL SW/SLK | BJ13: =AW11/AU11 -> 0.83957219
B15: 2026 Shepherds Hitting Stat Sheet
B16: # | C16: Name | D16: PA | E16: AB | F16: K | G16: BB | H16: TP | I16: K% | J16: BB% | K16: HBP | L16: P/PA | M16: H | N16: BA | O16: EV90 | P16: Max EV | Q16: BatSpeed90 | R16: Max BatSp | S16: Whiff % | T16: Whiffs | U16: Total Swings | V16: Tot FB | W16: FB Barrels | X16: FB Barrel % | Y16: FB Chases | Z16: FB Chase % | AA16: FB Whiffs | AB16: FB Whiff % | AC16: Tot CB/SL | AD16: CB/SL Barrels | AE16: CB/SL Barrel % | AF16: CB/SL Chases | AG16: CB/SL Chase % | AH16: CB/SL Whiffs | AI16: CB/SL Whiff % | AJ16: Tot CH/SP | AK16: CH/SP Barrels | AL16: CH/SP Barrel % | AM16: CH/SP Chases | AN16: CH/SP Chase % | AO16: CH/SP Whiffs | AP16: CH/SP Whiff %
C17: Michael Caranna | D17: 24 | E17: =D17-G17-K17 -> 18 | F17: 8 | G17: 3 | H17: 109 | I17: =F17/D17 -> 0.33333333 | J17: =G17/D17 -> 0.125 | K17: 3 | L17: =(H17-G17)/D17 -> 4.4166667 | N17: 59 | O17: 89.8 | P17: 89.8 | S17: =T17/U17 -> 0.44444444 | T17: 20 | U17: 45
C18: Michael Chang | D18: 36 | E18: =D18-G18-K18 -> 29 | F18: 13 | G18: 7 | H18: 168 | I18: =F18/D18 -> 0.36111111 | J18: =G18/D18 -> 0.19444444 | K18: 0 | L18: =(H18-G18)/D18 -> 4.4722222 | O18: 92.1 | P18: 92.9 | S18: =T18/U18 -> 0.45 | T18: 27 | U18: 60
C19: Ryan Han | D19: 28 | E19: =D19-G19-K19 -> 27 | F19: 4 | G19: 1 | H19: 93 | I19: =F19/D19 -> 0.14285714 | J19: =G19/D19 -> 0.035714286 | K19: 0 | L19: =(H19-G19)/D19 -> 3.2857143 | S19: =T19/U19 -> 0.28571429 | T19: 14 | U19: 49
C20: Caleb Koontz | D20: 28 | E20: =D20-G20-K20 -> 19 | F20: 8 | G20: 8 | H20: 168 | I20: =F20/D20 -> 0.28571429 | J20: =G20/D20 -> 0.28571429 | K20: 1 | L20: =(H20-G20)/D20 -> 5.7142857 | O20: 91.9 | P20: 93.7 | S20: =T20/U20 -> 0.31343284 | T20: 21 | U20: 67
C21: Jackson Orr | D21: 29 | E21: =D21-G21-K21 -> 26 | F21: 4 | G21: 3 | H21: 104 | I21: =F21/D21 -> 0.13793103 | J21: =G21/D21 -> 0.10344828 | K21: 0 | L21: =(H21-G21)/D21 -> 3.4827586 | O21: 91.8 | P21: 92.3 | S21: =T21/U21 -> 0.24561404 | T21: 14 | U21: 57
C22: Reagan Samples | D22: 29 | E22: =D22-G22-K22 -> 21 | F22: 2 | G22: 8 | H22: 143 | I22: =F22/D22 -> 0.068965517 | J22: =G22/D22 -> 0.27586207 | K22: 0 | L22: =(H22-G22)/D22 -> 4.6551724 | S22: =T22/U22 -> 0.2244898 | T22: 11 | U22: 49
C23: Easton Steck | D23: 42 | E23: =D23-G23-K23 -> 33 | F23: 14 | G23: 9 | H23: 205 | I23: =F23/D23 -> 0.33333333 | J23: =G23/D23 -> 0.21428571 | K23: 0 | L23: =(H23-G23)/D23 -> 4.6666667 | O23: 101 | P23: 101.8 | S23: =T23/U23 -> 0.37647059 | T23: 32 | U23: 85
C24: Carter Walsh | D24: 36 | E24: =D24-G24-K24 -> 25 | F24: 4 | G24: 10 | H24: 177 | I24: =F24/D24 -> 0.11111111 | J24: =G24/D24 -> 0.27777778 | K24: 1 | L24: =(H24-G24)/D24 -> 4.6388889 | O24: 95.7 | P24: 96.6 | S24: =T24/U24 -> 0.21917808 | T24: 16 | U24: 73
C25: Aidan Young | D25: 39 | E25: =D25-G25-K25 -> 33 | F25: 14 | G25: 4 | H25: 175 | I25: =F25/D25 -> 0.35897436 | J25: =G25/D25 -> 0.1025641 | K25: 2 | L25: =(H25-G25)/D25 -> 4.3846154 | O25: 98.2 | P25: 99.5 | S25: =T25/U25 -> 0.27536232 | T25: 19 | U25: 69
I26: =F26/D26 -> #DIV/0! | J26: =G26/D26 -> #DIV/0! | L26: =(H26-G26)/D26 -> #DIV/0! | S26: =T26/U26 -> #DIV/0!
I27: =F27/D27 -> #DIV/0! | J27: =G27/D27 -> #DIV/0! | L27: =(H27-G27)/D27 -> #DIV/0! | S27: =T27/U27 -> #DIV/0!
B28: TOTALS | D28: =SUM(D17:D27) -> 291 | E28: =SUM(E17:E27) -> 231 | F28: =SUM(F17:F27) -> 71 | G28: =SUM(G17:G27) -> 53 | H28: =SUM(H17:H27) -> 1342 | I28: =F28/D28 -> 0.24398625 | J28: =G28/D28 -> 0.18213058 | K28: =SUM(K17:K27) -> 7 | L28: =(H28-G28)/D28 -> 4.4295533 | O28: =AVERAGE(O17:O27) -> 94.357143 | P28: =AVERAGE(P17:P27) -> 95.228571 | S28: =T28/U28 -> 0.31407942 | T28: =SUM(T17:T27) -> 174 | U28: =SUM(U17:U27) -> 554

Sheet Craig
B1: Live AB Stats
B2: ANDREW CRAIG
B3: Date | C3: 46193 | D3: 46197 | E3: 46203 | F3: 46218 | G3: 46224
B4: Opponent | C4: Live BP | D4: Live AB | E4: Live AB | F4: Live AB | G4: Live AB
A5: General | B5: IP | C5: 1 | D5: 2 | E5: 2 | F5: 3 | G5: 3 | H5: 0 | I5: 0 | J5: 0 | K5: 0 | L5: 0 | M5: 0
B6: TP | C6: 16 | D6: 46 | E6: 45 | F6: 53 | G6: 61 | H6: 0 | I6: 0 | J6: 0 | K6: 0 | L6: 0 | M6: 0
B7: B | C7: 11 | D7: 29 | E7: 24 | F7: 28 | G7: 34 | H7: 0 | I7: 0 | J7: 0 | K7: 0 | L7: 0 | M7: 0
B8: S | C8: 5 | D8: 17 | E8: 21 | F8: 25 | G8: 27 | H8: 0 | I8: 0 | J8: 0 | K8: 0 | L8: 0 | M8: 0
B9: K% | C9: =C8/C6 -> 0.3125 | D9: =D8/D6 -> 0.36956522 | E9: =E8/E6 -> 0.46666667 | F9: =F8/F6 -> 0.47169811 | G9: =G8/G6 -> 0.44262295 | H9: =H8/H6 -> #DIV/0! | I9: =I8/I6 -> #DIV/0! | J9: =J8/J6 -> #DIV/0! | ... M9: =M8/M6 -> #DIV/0!
B10: P/IP | C10: =C6/C5 -> 16 | D10: =D6/D5 -> 23 | E10: =E6/E5 -> 22.5 | F10: =F6/F5 -> 17.666667 | G10: =G6/G5 -> 20.333333 | H10: =H6/H5 -> #DIV/0! | I10: =I6/I5 -> #DIV/0! | J10: =J6/J5 -> #DIV/0! | ... M10: =M6/M5 -> #DIV/0!
B11: P/PA | C11: =C6/C12 -> 5.3333333 | D11: =D6/D12 -> 4.1818182 | E11: =E6/E12 -> 4.5 | F11: =F6/F12 -> 3.7857143 | G11: =G6/G12 -> 4.3571429 | H11: =H6/H12 -> #DIV/0! | I11: =I6/I12 -> #DIV/0! | J11: =J6/J12 -> #DIV/0! | ... M11: =M6/M12 -> #DIV/0!
B12: BF | C12: 3 | D12: 11 | E12: 10 | F12: 14 | G12: 14 | H12: 0 | I12: 0 | J12: 0 | K12: 0 | L12: 0 | M12: 0
B13: H | C13: 0 | D13: 1 | E13: 2 | F13: 1 | G13: 4 | H13: 0 | I13: 0 | J13: 0 | K13: 0 | L13: 0 | M13: 0
B14: BB | C14: 1 | D14: 4 | E14: 2 | F14: 3 | G14: 6 | H14: 0 | I14: 0 | J14: 0 | K14: 0 | L14: 0 | M14: 0
B15: BB% | C15: =C14/C12 -> 0.33333333 | D15: =D14/D12 -> 0.36363636 | E15: =E14/E12 -> 0.2 | F15: =F14/F12 -> 0.21428571 | G15: =G14/G12 -> 0.42857143 | H15: =H14/H12 -> #DIV/0! | I15: =I14/I12 -> #DIV/0! | J15: =J14/J12 -> #DIV/0! | ... M15: =M14/M12 -> #DIV/0!
B16: BB/7 | C16: =(C14/C5)*7 -> 7 | D16: =(D14/D5)*7 -> 14 | E16: =(E14/E5)*7 -> 7 | F16: =(F14/F5)*7 -> 7 | G16: =(G14/G5)*7 -> 14 | H16: =(H14/H5)*7 -> #DIV/0! | I16: =(I14/I5)*7 -> #DIV/0! | J16: =(J14/J5)*7 -> #DIV/0! | ... M16: =(M14/M5)*7 -> #DIV/0!
B17: HBP | C17: 0 | D17: 0 | E17: 1 | F17: 1 | G17: 0 | H17: 0 | I17: 0 | J17: 0 | K17: 0 | L17: 0 | M17: 0
B18: WHIP | C18: =(C14+C13)/C5 -> 1 | D18: =(D14+D13)/D5 -> 2.5 | E18: =(E14+E13)/E5 -> 2 | F18: =(F14+F13)/F5 -> 1.3333333 | G18: =(G14+G13)/G5 -> 3.3333333 | H18: =(H14+H13)/H5 -> #DIV/0! | I18: =(I14+I13)/I5 -> #DIV/0! | J18: =(J14+J13)/J5 -> #DIV/0! | ... M18: =(M14+M13)/M5 -> #DIV/0!
B19: KS | C19: 0 | D19: 1 | E19: 3 | F19: 4 | G19: 1 | H19: 0 | I19: 0 | J19: 0 | K19: 0 | L19: 0 | M19: 0
B20: KL | C20: 0 | D20: 0 | E20: 0 | F20: 1 | G20: 0 | H20: 0 | I20: 0 | J20: 0 | K20: 0 | L20: 0 | M20: 0
B21: K/7 | C21: =((C19+C20)/C5)*7 -> 0 | D21: =((D19+D20)/D5)*7 -> 3.5 | E21: =((E19+E20)/E5)*7 -> 10.5 | F21: =((F19+F20)/F5)*7 -> 11.666667 | G21: =((G19+G20)/G5)*7 -> 2.3333333 | H21: =((H19+H20)/H5)*7 -> #DIV/0! | I21: =((I19+I20)/I5)*7 -> #DIV/0! | J21: =((J19+J20)/J5)*7 -> #DIV/0! | ... M21: =((M19+M20)/M5)*7 -> #DIV/0!
B22: K% | C22: =(C19+C20)/C12 -> 0 | D22: =(D19+D20)/D12 -> 0.090909091 | E22: =(E19+E20)/E12 -> 0.3 | F22: =(F19+F20)/F12 -> 0.35714286 | G22: =(G19+G20)/G12 -> 0.071428571 | H22: =(H19+H20)/H12 -> #DIV/0! | I22: =(I19+I20)/I12 -> #DIV/0! | J22: =(J19+J20)/J12 -> #DIV/0! | ... M22: =(M19+M20)/M12 -> #DIV/0!
B23: K/BB | C23: =(C19+C20)/C14 -> 0 | D23: =(D19+D20)/D14 -> 0.25 | E23: =(E19+E20)/E14 -> 1.5 | F23: =(F19+F20)/F14 -> 1.6666667 | G23: =(G19+G20)/G14 -> 0.16666667 | H23: =(H19+H20)/H14 -> #DIV/0! | I23: =(I19+I20)/I14 -> #DIV/0! | J23: =(J19+J20)/J14 -> #DIV/0! | ... M23: =(M19+M20)/M14 -> #DIV/0!
B24: K%-BB% | C24: =C22-C15 -> -0.33333333 | D24: =D22-D15 -> -0.27272727 | E24: =E22-E15 -> 0.1 | F24: =F22-F15 -> 0.14285714 | G24: =G22-G15 -> -0.35714286 | H24: =H22-H15 -> #DIV/0! | I24: =I22-I15 -> #DIV/0! | J24: =J22-J15 -> #DIV/0! | ... M24: =M22-M15 -> #DIV/0!
B25: BAA | C25: =C13/(C12-C14-C17) -> 0 | D25: =D13/(D12-D14-D17) -> 0.14285714 | E25: =E13/(E12-E14-E17) -> 0.28571429 | F25: =F13/(F12-F14-F17) -> 0.1 | G25: =G13/(G12-G14-G17) -> 0.5 | H25: =H13/(H12-H14-H17) -> #DIV/0! | I25: =I13/(I12-I14-I17) -> #DIV/0! | J25: =J13/(J12-J14-J17) -> #DIV/0! | ... M25: =M13/(M12-M14-M17) -> #DIV/0!
A26: Efficiency | B26: FPS | C26: 0 | D26: 3 | E26: 4 | F26: 6 | G26: 6 | H26: 0 | I26: 0 | J26: 0 | K26: 0 | L26: 0 | M26: 0
B27: FPS% | C27: =C26/C12 -> 0 | D27: =D26/D12 -> 0.27272727 | E27: =E26/E12 -> 0.4 | F27: =F26/F12 -> 0.42857143 | G27: =G26/G12 -> 0.42857143 | H27: =H26/H12 -> #DIV/0! | I27: =I26/I12 -> #DIV/0! | J27: =J26/J12 -> #DIV/0! | ... M27: =M26/M12 -> #DIV/0!
B28: 2/3K | C28: 0 | D28: 1 | E28: 3 | F28: 2 | G28: 2 | H28: 0 | I28: 0 | J28: 0 | K28: 0 | L28: 0 | M28: 0
B29: 2/3K% | C29: =C28/C12 -> 0 | D29: =D28/D12 -> 0.090909091 | E29: =E28/E12 -> 0.3 | F29: =F28/F12 -> 0.14285714 | G29: =G28/G12 -> 0.14285714 | H29: =H28/H12 -> #DIV/0! | I29: =I28/I12 -> #DIV/0! | J29: =J28/J12 -> #DIV/0! | ... M29: =M28/M12 -> #DIV/0!
B30: <3P | C30: 0 | D30: 3 | E30: 4 | F30: 4 | G30: 5 | H30: 0 | I30: 0 | J30: 0 | K30: 0 | L30: 0 | M30: 0
B31: <3P% | C31: =C30/C12 -> 0 | D31: =D30/D12 -> 0.27272727 | E31: =E30/E12 -> 0.4 | F31: =F30/F12 -> 0.28571429 | G31: =G30/G12 -> 0.35714286 | H31: =H30/H12 -> #DIV/0! | I31: =I30/I12 -> #DIV/0! | J31: =J30/J12 -> #DIV/0! | ... M31: =M30/M12 -> #DIV/0!
B32: 3BC | C32: 2 | D32: 5 | E32: 5 | F32: 4 | G32: 6 | H32: 0 | I32: 0 | J32: 0 | K32: 0 | L32: 0 | M32: 0
B33: 3BC% | C33: =C32/C12 -> 0.66666667 | D33: =D32/D12 -> 0.45454545 | E33: =E32/E12 -> 0.5 | F33: =F32/F12 -> 0.28571429 | G33: =G32/G12 -> 0.42857143 | H33: =H32/H12 -> #DIV/0! | I33: =I32/I12 -> #DIV/0! | J33: =J32/J12 -> #DIV/0! | ... M33: =M32/M12 -> #DIV/0!
A34: Usages/Strike Percentages | B34: TFB | C34: 7 | D34: 32 | E34: 25 | F34: 18 | G34: 26 | H34: 0 | I34: 0 | J34: 0 | K34: 0 | L34: 0 | M34: 0
B35: FBK | C35: 2 | D35: 11 | E35: =SUMIF(F149:F193,"FB",I149:I193) -> 0 | F35: 6 | G35: 12 | H35: 0 | I35: 0 | J35: 0 | K35: 0 | L35: 0 | M35: 0
B36: FB% | C36: =C34/C6 -> 0.4375 | D36: =D34/D6 -> 0.69565217 | E36: =E34/E6 -> 0.55555556 | F36: =F34/F6 -> 0.33962264 | G36: =G34/G6 -> 0.42622951 | H36: =H34/H6 -> #DIV/0! | I36: =I34/I6 -> #DIV/0! | J36: =J34/J6 -> #DIV/0! | ... M36: =M34/M6 -> #DIV/0!
B37: FBK% | C37: =C35/C34 -> 0.28571429 | D37: =D35/D34 -> 0.34375 | E37: =E35/E34 -> 0 | F37: =F35/F34 -> 0.33333333 | G37: =G35/G34 -> 0.46153846 | H37: =H35/H34 -> #DIV/0! | I37: =I35/I34 -> #DIV/0! | J37: =J35/J34 -> #DIV/0! | ... M37: =M35/M34 -> #DIV/0!
B38: TCB | C38: 0 | D38: 0 | E38: 0 | F38: 0 | G38: 0 | H38: 0 | I38: 0 | J38: 0 | K38: 0 | L38: 0 | M38: 0
B39: CBK | C39: 0 | D39: 0 | E39: =SUMIF(F149:F193,"CB",I149:I193) -> 0 | F39: 0 | G39: 0 | H39: 0 | I39: 0 | J39: 0 | K39: 0 | L39: 0 | M39: 0
B40: CB% | C40: =C38/C6 -> 0 | D40: =D38/D6 -> 0 | E40: =E38/E6 -> 0 | F40: =F38/F6 -> 0 | G40: =G38/G6 -> 0 | H40: =H38/H6 -> #DIV/0! | I40: =I38/I6 -> #DIV/0! | J40: =J38/J6 -> #DIV/0! | ... M40: =M38/M6 -> #DIV/0!
B41: CBK% | C41: =C39/C38 -> #DIV/0! | D41: =D39/D38 -> #DIV/0! | E41: =E39/E38 -> #DIV/0! | F41: =F39/F38 -> #DIV/0! | G41: =G39/G38 -> #DIV/0! | H41: =H39/H38 -> #DIV/0! | I41: =I39/I38 -> #DIV/0! | J41: =J39/J38 -> #DIV/0! | ... M41: =M39/M38 -> #DIV/0!
B42: TCH | C42: 0 | D42: 0 | E42: 0 | F42: 6 | G42: 6 | H42: 0 | I42: 0 | J42: 0 | K42: 0 | L42: 0 | M42: 0
B43: CHK | C43: 0 | D43: 0 | E43: =SUMIF(F149:F193,"CH",I149:I193) -> 0 | F43: 2 | G43: 2 | H43: 0 | I43: 0 | J43: 0 | K43: 0 | L43: 0 | M43: 0
B44: CH% | C44: =C42/C6 -> 0 | D44: =D42/D6 -> 0 | E44: =E42/E6 -> 0 | F44: =F42/F6 -> 0.11320755 | G44: =G42/G6 -> 0.098360656 | H44: =H42/H6 -> #DIV/0! | I44: =I42/I6 -> #DIV/0! | J44: =J42/J6 -> #DIV/0! | ... M44: =M42/M6 -> #DIV/0!
B45: CHK% | C45: =C43/C42 -> #DIV/0! | D45: =D43/D42 -> #DIV/0! | E45: =E43/E42 -> #DIV/0! | F45: =F43/F42 -> 0.33333333 | G45: =G43/G42 -> 0.33333333 | H45: =H43/H42 -> #DIV/0! | I45: =I43/I42 -> #DIV/0! | J45: =J43/J42 -> #DIV/0! | ... M45: =M43/M42 -> #DIV/0!
B46: TSL | C46: 9 | D46: 14 | E46: 20 | F46: 29 | G46: 29 | H46: 0 | I46: 0 | J46: 0 | K46: 0 | L46: 0 | M46: 0
B47: SLK | C47: 3 | D47: 6 | E47: =SUMIF(F149:F193,"SL",I149:I193) -> 0 | F47: 17 | G47: 13 | H47: 0 | I47: 0 | J47: 0 | K47: 0 | L47: 0 | M47: 0
B48: SL% | C48: =C46/C6 -> 0.5625 | D48: =D46/D6 -> 0.30434783 | E48: =E46/E6 -> 0.44444444 | F48: =F46/F6 -> 0.54716981 | G48: =G46/G6 -> 0.47540984 | H48: =H46/H6 -> #DIV/0! | I48: =I46/I6 -> #DIV/0! | J48: =J46/J6 -> #DIV/0! | ... M48: =M46/M6 -> #DIV/0!
B49: SLK% | C49: =C47/C46 -> 0.33333333 | D49: =D47/D46 -> 0.42857143 | E49: =E47/E46 -> 0 | F49: =F47/F46 -> 0.5862069 | G49: =G47/G46 -> 0.44827586 | H49: =H47/H46 -> #DIV/0! | I49: =I47/I46 -> #DIV/0! | J49: =J47/J46 -> #DIV/0! | ... M49: =M47/M46 -> #DIV/0!
A50: Swing/Miss Percentages | B50: TFB SW | C50: 2 | D50: 9 | E50: 10 | F50: 6 | G50: 11 | H50: 0 | I50: 0 | J50: 0 | K50: 0 | L50: 0 | M50: 0
B51: FB SW/M | C51: 0 | D51: 1 | E51: 2 | F51: 2 | G51: 1 | H51: 0 | I51: 0 | J51: 0 | K51: 0 | L51: 0 | M51: 0
B52: FB SW/M% | C52: =C51/C50 -> 0 | D52: =D51/D50 -> 0.11111111 | E52: =E51/E50 -> 0.2 | F52: =F51/F50 -> 0.33333333 | G52: =G51/G50 -> 0.090909091 | H52: =H51/H50 -> #DIV/0! | I52: =I51/I50 -> #DIV/0! | J52: =J51/J50 -> #DIV/0! | ... M52: =M51/M50 -> #DIV/0!
B53: TCB SW | C53: 0 | D53: 0 | E53: 0 | F53: 0 | G53: 0 | H53: 0 | I53: 0 | J53: 0 | K53: 0 | L53: 0 | M53: 0
B54: CB SW/M | C54: 0 | D54: 0 | E54: 0 | F54: 0 | G54: 0 | H54: 0 | I54: 0 | J54: 0 | K54: 0 | L54: 0 | M54: 0
B55: CB SW/M% | C55: =C54/C53 -> #DIV/0! | D55: =D54/D53 -> #DIV/0! | E55: =E54/E53 -> #DIV/0! | F55: =F54/F53 -> #DIV/0! | G55: =G54/G53 -> #DIV/0! | H55: =H54/H53 -> #DIV/0! | I55: =I54/I53 -> #DIV/0! | J55: =J54/J53 -> #DIV/0! | ... M55: =M54/M53 -> #DIV/0!
B56: TCH SW | C56: 0 | D56: 0 | E56: 0 | F56: 2 | G56: 2 | H56: 0 | I56: 0 | J56: 0 | K56: 0 | L56: 0 | M56: 0
B57: CH SW/M | C57: 0 | D57: 0 | E57: 0 | F57: 2 | G57: 1 | H57: 0 | I57: 0 | J57: 0 | K57: 0 | L57: 0 | M57: 0
B58: CH SW/M% | C58: =C57/C56 -> #DIV/0! | D58: =D57/D56 -> #DIV/0! | E58: =E57/E56 -> #DIV/0! | F58: =F57/F56 -> 1 | G58: =G57/G56 -> 0.5 | H58: =H57/H56 -> #DIV/0! | I58: =I57/I56 -> #DIV/0! | J58: =J57/J56 -> #DIV/0! | ... M58: =M57/M56 -> #DIV/0!
B59: TSL SW | C59: 2 | D59: 6 | E59: 9 | F59: 11 | G59: 10 | H59: 0 | I59: 0 | J59: 0 | K59: 0 | L59: 0 | M59: 0
B60: SL SW/M | C60: 1 | D60: 2 | E60: 3 | F60: 4 | G60: 5 | H60: 0 | I60: 0 | J60: 0 | K60: 0 | L60: 0 | M60: 0
B61: SL SW/M% | C61: =C60/C59 -> 0.5 | D61: =D60/D59 -> 0.33333333 | E61: =E60/E59 -> 0.33333333 | F61: =F60/F59 -> 0.36363636 | G61: =G60/G59 -> 0.5 | H61: =H60/H59 -> #DIV/0! | I61: =I60/I59 -> #DIV/0! | J61: =J60/J59 -> #DIV/0! | ... M61: =M60/M59 -> #DIV/0!
A62: Metrics | B62: Avg FB Velo | C62: =AVERAGEIFS($F$86:$F$404,$B$86:$B$404,C$3,$E$86:$E$404,"FB") -> 77.045181 | D62: =AVERAGEIFS($F$86:$F$404,$B$86:$B$404,D$3,$E$86:$E$404,"FB") -> 77.867536 | E62: =AVERAGEIFS($F$86:$F$404,$B$86:$B$404,E$3,$E$86:$E$404,"FB") -> 75.799645 | F62: =AVERAGEIFS($F$86:$F$404,$B$86:$B$404,F$3,$E$86:$E$404,"FB") -> 76.034281 | G62: =AVERAGEIFS($F$86:$F$404,$B$86:$B$404,G$3,$E$86:$E$404,"FB") -> 74.999399 | H62: =AVERAGEIFS($F$86:$F$404,$B$86:$B$404,H$3,$E$86:$E$404,"FB") -> #DIV/0! | I62: =AVERAGEIFS($F$86:$F$404,$B$86:$B$404,I$3,$E$86:$E$404,"FB") -> #DIV/0! | J62: =AVERAGEIFS($F$86:$F$404,$B$86:$B$404,J$3,$E$86:$E$404,"FB") -> #DIV/0! | K62: =AVERAGEIFS(F86:F404, E86:E404,"FB") -> 76.339537
B63: Min FB Velo | C63: =_xlfn.MINIFS($F$86:$F$404,$B$86:$B$404,C$3,$E$86:$E$404,"FB") -> 75.652281 | D63: =_xlfn.MINIFS($F$86:$F$404,$B$86:$B$404,D$3,$E$86:$E$404,"FB") -> 76.208074 | E63: =_xlfn.MINIFS($F$86:$F$404,$B$86:$B$404,E$3,$E$86:$E$404,"FB") -> 72.539799 | F63: =_xlfn.MINIFS($F$86:$F$404,$B$86:$B$404,F$3,$E$86:$E$404,"FB") -> 74.572441 | G63: =_xlfn.MINIFS($F$86:$F$404,$B$86:$B$404,G$3,$E$86:$E$404,"FB") -> 72.385228 | H63: =_xlfn.MINIFS($F$86:$F$404,$B$86:$B$404,H$3,$E$86:$E$404,"FB") -> 0 | I63: =_xlfn.MINIFS($F$86:$F$404,$B$86:$B$404,I$3,$E$86:$E$404,"FB") -> 0 | J63: =_xlfn.MINIFS($F$86:$F$404,$B$86:$B$404,J$3,$E$86:$E$404,"FB") -> 0 | K63: =_xlfn.MINIFS(F86:F404, E86:E404,"FB") -> 72.385228
B64: Max FB Velo | C64: =_xlfn.MAXIFS($F$86:$F$404,$B$86:$B$404,C$3,$E$86:$E$404,"FB") -> 78.193075 | D64: =_xlfn.MAXIFS($F$86:$F$404,$B$86:$B$404,D$3,$E$86:$E$404,"FB") -> 79.781075 | E64: =_xlfn.MAXIFS($F$86:$F$404,$B$86:$B$404,E$3,$E$86:$E$404,"FB") -> 78.002519 | F64: =_xlfn.MAXIFS($F$86:$F$404,$B$86:$B$404,F$3,$E$86:$E$404,"FB") -> 77.303801 | G64: =_xlfn.MAXIFS($F$86:$F$404,$B$86:$B$404,G$3,$E$86:$E$404,"FB") -> 77.501132 | H64: =_xlfn.MAXIFS($F$86:$F$404,$B$86:$B$404,H$3,$E$86:$E$404,"FB") -> 0 | I64: =_xlfn.MAXIFS($F$86:$F$404,$B$86:$B$404,I$3,$E$86:$E$404,"FB") -> 0 | J64: =_xlfn.MAXIFS($F$86:$F$404,$B$86:$B$404,J$3,$E$86:$E$404,"FB") -> 0 | K64: =_xlfn.MAXIFS(F86:F404, E86:E404,"FB") -> 79.781075
B65: Avg FB RPM | C65: =AVERAGEIFS($G$86:$G$404,$B$86:$B$404,C$3,$E$86:$E$404,"FB") -> 2000.6698 | D65: =AVERAGEIFS($G$86:$G$404,$B$86:$B$404,D$3,$E$86:$E$404,"FB") -> 1979.7661 | E65: =AVERAGEIFS($G$86:$G$404,$B$86:$B$404,E$3,$E$86:$E$404,"FB") -> 1961.0502 | F65: =AVERAGEIFS($G$86:$G$404,$B$86:$B$404,F$3,$E$86:$E$404,"FB") -> 1835.2327 | G65: =AVERAGEIFS($G$86:$G$404,$B$86:$B$404,G$3,$E$86:$E$404,"FB") -> 1936.7642 | H65: =AVERAGEIFS($G$86:$G$404,$B$86:$B$404,H$3,$E$86:$E$404,"FB") -> #DIV/0! | I65: =AVERAGEIFS($G$86:$G$404,$B$86:$B$404,I$3,$E$86:$E$404,"FB") -> #DIV/0! | J65: =AVERAGEIFS($G$86:$G$404,$B$86:$B$404,J$3,$E$86:$E$404,"FB") -> #DIV/0! | K65: =AVERAGEIFS(G86:G404, E86:E404,"FB") -> 1942.3474
B66: Avg SL Velo | C66: =AVERAGEIFS($F$86:$F$404,$B$86:$B$404,C$3,$E$86:$E$404,"SL") -> 72.518628 | D66: =AVERAGEIFS($F$86:$F$404,$B$86:$B$404,D$3,$E$86:$E$404,"SL") -> 73.535702 | E66: =AVERAGEIFS($F$86:$F$404,$B$86:$B$404,E$3,$E$86:$E$404,"SL") -> 72.463575 | F66: =AVERAGEIFS($F$86:$F$404,$B$86:$B$404,F$3,$E$86:$E$404,"SL") -> 71.056938 | G66: =AVERAGEIFS($F$86:$F$404,$B$86:$B$404,G$3,$E$86:$E$404,"SL") -> 70.736176 | H66: =AVERAGEIFS($F$86:$F$404,$B$86:$B$404,H$3,$E$86:$E$404,"SL") -> #DIV/0! | I66: =AVERAGEIFS($F$86:$F$404,$B$86:$B$404,I$3,$E$86:$E$404,"SL") -> #DIV/0! | J66: =AVERAGEIFS($F$86:$F$404,$B$86:$B$404,J$3,$E$86:$E$404,"SL") -> #DIV/0! | K66: =AVERAGEIFS(F86:F404, E86:E404,"SL") -> 71.71722
B67: Min SL Velo | C67: =_xlfn.MINIFS($F$86:$F$404,$B$86:$B$404,C$3,$E$86:$E$404,"SL") -> 70.475401 | D67: =_xlfn.MINIFS($F$86:$F$404,$B$86:$B$404,D$3,$E$86:$E$404,"SL") -> 71.761679 | E67: =_xlfn.MINIFS($F$86:$F$404,$B$86:$B$404,E$3,$E$86:$E$404,"SL") -> 69.983123 | F67: =_xlfn.MINIFS($F$86:$F$404,$B$86:$B$404,F$3,$E$86:$E$404,"SL") -> 69.236763 | G67: =_xlfn.MINIFS($F$86:$F$404,$B$86:$B$404,G$3,$E$86:$E$404,"SL") -> 68.508584 | H67: =_xlfn.MINIFS($F$86:$F$404,$B$86:$B$404,H$3,$E$86:$E$404,"SL") -> 0 | I67: =_xlfn.MINIFS($F$86:$F$404,$B$86:$B$404,I$3,$E$86:$E$404,"SL") -> 0 | J67: =_xlfn.MINIFS($F$86:$F$404,$B$86:$B$404,J$3,$E$86:$E$404,"SL") -> 0 | K67: =_xlfn.MINIFS(F86:F404, E86:E404,"SL") -> 68.508584
B68: Max SL Velo | C68: =_xlfn.MAXIFS($F$86:$F$404,$B$86:$B$404,C$3,$E$86:$E$404,"SL") -> 74.254842 | D68: =_xlfn.MAXIFS($F$86:$F$404,$B$86:$B$404,D$3,$E$86:$E$404,"SL") -> 75.207638 | E68: =_xlfn.MAXIFS($F$86:$F$404,$B$86:$B$404,E$3,$E$86:$E$404,"SL") -> 74.381877 | F68: =_xlfn.MAXIFS($F$86:$F$404,$B$86:$B$404,F$3,$E$86:$E$404,"SL") -> 72.539799 | G68: =_xlfn.MAXIFS($F$86:$F$404,$B$86:$B$404,G$3,$E$86:$E$404,"SL") -> 73.767475 | H68: =_xlfn.MAXIFS($F$86:$F$404,$B$86:$B$404,H$3,$E$86:$E$404,"SL") -> 0 | I68: =_xlfn.MAXIFS($F$86:$F$404,$B$86:$B$404,I$3,$E$86:$E$404,"SL") -> 0 | J68: =_xlfn.MAXIFS($F$86:$F$404,$B$86:$B$404,J$3,$E$86:$E$404,"SL") -> 0 | K68: =_xlfn.MAXIFS(F86:F404, E86:E404,"SL") -> 75.207638
B69: Avg SL RPM | C69: =AVERAGEIFS($G$86:$G$404,$B$86:$B$404,C$3,$E$86:$E$404,"SL") -> 1711.5563 | D69: =AVERAGEIFS($G$86:$G$404,$B$86:$B$404,D$3,$E$86:$E$404,"SL") -> 2086.2053 | E69: =AVERAGEIFS($G$86:$G$404,$B$86:$B$404,E$3,$E$86:$E$404,"SL") -> 1602.5234 | F69: =AVERAGEIFS($G$86:$G$404,$B$86:$B$404,F$3,$E$86:$E$404,"SL") -> 1966.242 | G69: =AVERAGEIFS($G$86:$G$404,$B$86:$B$404,G$3,$E$86:$E$404,"SL") -> 1857.6707 | H69: =AVERAGEIFS($G$86:$G$404,$B$86:$B$404,H$3,$E$86:$E$404,"SL") -> #DIV/0! | I69: =AVERAGEIFS($G$86:$G$404,$B$86:$B$404,I$3,$E$86:$E$404,"SL") -> #DIV/0! | J69: =AVERAGEIFS($G$86:$G$404,$B$86:$B$404,J$3,$E$86:$E$404,"SL") -> #DIV/0! | K69: =AVERAGEIFS(G86:G404, E86:E404,"SL") -> 1856.9784
B70: Avg CT Velo | C70: =AVERAGEIFS($F$86:$F$404,$B$86:$B$404,C$3,$E$86:$E$404,"CT") -> #DIV/0! | D70: =AVERAGEIFS($F$86:$F$404,$B$86:$B$404,D$3,$E$86:$E$404,"CT") -> #DIV/0! | E70: =AVERAGEIFS($F$86:$F$404,$B$86:$B$404,E$3,$E$86:$E$404,"CT") -> #DIV/0! | F70: =AVERAGEIFS($F$86:$F$404,$B$86:$B$404,F$3,$E$86:$E$404,"CT") -> #DIV/0! | G70: =AVERAGEIFS($F$86:$F$404,$B$86:$B$404,G$3,$E$86:$E$404,"CT") -> #DIV/0! | H70: =AVERAGEIFS($F$86:$F$404,$B$86:$B$404,H$3,$E$86:$E$404,"CT") -> #DIV/0! | I70: =AVERAGEIFS($F$86:$F$404,$B$86:$B$404,I$3,$E$86:$E$404,"CT") -> #DIV/0! | J70: =AVERAGEIFS($F$86:$F$404,$B$86:$B$404,J$3,$E$86:$E$404,"CT") -> #DIV/0! | K70: =AVERAGEIFS(F86:F404, E86:E404,"CT") -> #DIV/0!
B71: Min CT Velo | C71: =_xlfn.MINIFS($F$86:$F$404,$B$86:$B$404,C$3,$E$86:$E$404,"CT") -> 0 | D71: =_xlfn.MINIFS($F$86:$F$404,$B$86:$B$404,D$3,$E$86:$E$404,"CT") -> 0 | E71: =_xlfn.MINIFS($F$86:$F$404,$B$86:$B$404,E$3,$E$86:$E$404,"CT") -> 0 | F71: =_xlfn.MINIFS($F$86:$F$404,$B$86:$B$404,F$3,$E$86:$E$404,"CT") -> 0 | G71: =_xlfn.MINIFS($F$86:$F$404,$B$86:$B$404,G$3,$E$86:$E$404,"CT") -> 0 | H71: =_xlfn.MINIFS($F$86:$F$404,$B$86:$B$404,H$3,$E$86:$E$404,"CT") -> 0 | I71: =_xlfn.MINIFS($F$86:$F$404,$B$86:$B$404,I$3,$E$86:$E$404,"CT") -> 0 | J71: =_xlfn.MINIFS($F$86:$F$404,$B$86:$B$404,J$3,$E$86:$E$404,"CT") -> 0 | K71: =_xlfn.MINIFS(F86:F404, E86:E404,"CT") -> 0
B72: Max CT Velo | C72: =_xlfn.MAXIFS($F$86:$F$404,$B$86:$B$404,C$3,$E$86:$E$404,"CT") -> 0 | D72: =_xlfn.MAXIFS($F$86:$F$404,$B$86:$B$404,D$3,$E$86:$E$404,"CT") -> 0 | E72: =_xlfn.MAXIFS($F$86:$F$404,$B$86:$B$404,E$3,$E$86:$E$404,"CT") -> 0 | F72: =_xlfn.MAXIFS($F$86:$F$404,$B$86:$B$404,F$3,$E$86:$E$404,"CT") -> 0 | G72: =_xlfn.MAXIFS($F$86:$F$404,$B$86:$B$404,G$3,$E$86:$E$404,"CT") -> 0 | H72: =_xlfn.MAXIFS($F$86:$F$404,$B$86:$B$404,H$3,$E$86:$E$404,"CT") -> 0 | I72: =_xlfn.MAXIFS($F$86:$F$404,$B$86:$B$404,I$3,$E$86:$E$404,"CT") -> 0 | J72: =_xlfn.MAXIFS($F$86:$F$404,$B$86:$B$404,J$3,$E$86:$E$404,"CT") -> 0 | K72: =_xlfn.MAXIFS(F86:F404, E86:E404,"CT") -> 0
B73: Avg CT RPM | C73: =AVERAGEIFS($G$86:$G$404,$B$86:$B$404,C$3,$E$86:$E$404,"CT") -> #DIV/0! | D73: =AVERAGEIFS($G$86:$G$404,$B$86:$B$404,D$3,$E$86:$E$404,"CT") -> #DIV/0! | E73: =AVERAGEIFS($G$86:$G$404,$B$86:$B$404,E$3,$E$86:$E$404,"CT") -> #DIV/0! | F73: =AVERAGEIFS($G$86:$G$404,$B$86:$B$404,F$3,$E$86:$E$404,"CT") -> #DIV/0! | G73: =AVERAGEIFS($G$86:$G$404,$B$86:$B$404,G$3,$E$86:$E$404,"CT") -> #DIV/0! | H73: =AVERAGEIFS($G$86:$G$404,$B$86:$B$404,H$3,$E$86:$E$404,"CT") -> #DIV/0! | I73: =AVERAGEIFS($G$86:$G$404,$B$86:$B$404,I$3,$E$86:$E$404,"CT") -> #DIV/0! | J73: =AVERAGEIFS($G$86:$G$404,$B$86:$B$404,J$3,$E$86:$E$404,"CT") -> #DIV/0! | K73: =AVERAGEIFS(G86:G404, E86:E404,"CT") -> #DIV/0!
B74: Avg CH Velo | C74: =AVERAGEIFS($F$86:$F$404,$B$86:$B$404,C$3,$E$86:$E$404,"CH") -> #DIV/0! | D74: =AVERAGEIFS($F$86:$F$404,$B$86:$B$404,D$3,$E$86:$E$404,"CH") -> #DIV/0! | E74: =AVERAGEIFS($F$86:$F$404,$B$86:$B$404,E$3,$E$86:$E$404,"CH") -> #DIV/0! | F74: =AVERAGEIFS($F$86:$F$404,$B$86:$B$404,F$3,$E$86:$E$404,"CH") -> 73.585234 | G74: =AVERAGEIFS($F$86:$F$404,$B$86:$B$404,G$3,$E$86:$E$404,"CH") -> 71.521988 | H74: =AVERAGEIFS($F$86:$F$404,$B$86:$B$404,H$3,$E$86:$E$404,"CH") -> #DIV/0! | I74: =AVERAGEIFS($F$86:$F$404,$B$86:$B$404,I$3,$E$86:$E$404,"CH") -> #DIV/0! | J74: =AVERAGEIFS($F$86:$F$404,$B$86:$B$404,J$3,$E$86:$E$404,"CH") -> #DIV/0! | K74: =AVERAGEIFS(F86:F404, E86:E404,"CH") -> 72.553611
B75: Min CH Velo | C75: =_xlfn.MINIFS($F$86:$F$404,$B$86:$B$404,C$3,$E$86:$E$404,"CH") -> 0 | D75: =_xlfn.MINIFS($F$86:$F$404,$B$86:$B$404,D$3,$E$86:$E$404,"CH") -> 0 | E75: =_xlfn.MINIFS($F$86:$F$404,$B$86:$B$404,E$3,$E$86:$E$404,"CH") -> 0 | F75: =_xlfn.MINIFS($F$86:$F$404,$B$86:$B$404,F$3,$E$86:$E$404,"CH") -> 72.60332 | G75: =_xlfn.MINIFS($F$86:$F$404,$B$86:$B$404,G$3,$E$86:$E$404,"CH") -> 70.160925 | H75: =_xlfn.MINIFS($F$86:$F$404,$B$86:$B$404,H$3,$E$86:$E$404,"CH") -> 0 | I75: =_xlfn.MINIFS($F$86:$F$404,$B$86:$B$404,I$3,$E$86:$E$404,"CH") -> 0 | J75: =_xlfn.MINIFS($F$86:$F$404,$B$86:$B$404,J$3,$E$86:$E$404,"CH") -> 0 | K75: =_xlfn.MINIFS(F86:F404, E86:E404,"CH") -> 70.160925
B76: Max CH Velo | C76: =_xlfn.MAXIFS($F$86:$F$404,$B$86:$B$404,C$3,$E$86:$E$404,"CH") -> 0 | D76: =_xlfn.MAXIFS($F$86:$F$404,$B$86:$B$404,D$3,$E$86:$E$404,"CH") -> 0 | E76: =_xlfn.MAXIFS($F$86:$F$404,$B$86:$B$404,E$3,$E$86:$E$404,"CH") -> 0 | F76: =_xlfn.MAXIFS($F$86:$F$404,$B$86:$B$404,F$3,$E$86:$E$404,"CH") -> 74.93768 | G76: =_xlfn.MAXIFS($F$86:$F$404,$B$86:$B$404,G$3,$E$86:$E$404,"CH") -> 72.6871 | H76: =_xlfn.MAXIFS($F$86:$F$404,$B$86:$B$404,H$3,$E$86:$E$404,"CH") -> 0 | I76: =_xlfn.MAXIFS($F$86:$F$404,$B$86:$B$404,I$3,$E$86:$E$404,"CH") -> 0 | J76: =_xlfn.MAXIFS($F$86:$F$404,$B$86:$B$404,J$3,$E$86:$E$404,"CH") -> 0 | K76: =_xlfn.MAXIFS(F86:F404, E86:E404,"CH") -> 74.93768
B77: Avg CH RPM | C77: =AVERAGEIFS($G$86:$G$404,$B$86:$B$404,C$3,$E$86:$E$404,"CH") -> #DIV/0! | D77: =AVERAGEIFS($G$86:$G$404,$B$86:$B$404,D$3,$E$86:$E$404,"CH") -> #DIV/0! | E77: =AVERAGEIFS($G$86:$G$404,$B$86:$B$404,E$3,$E$86:$E$404,"CH") -> #DIV/0! | F77: =AVERAGEIFS($G$86:$G$404,$B$86:$B$404,F$3,$E$86:$E$404,"CH") -> 1602.6905 | G77: =AVERAGEIFS($G$86:$G$404,$B$86:$B$404,G$3,$E$86:$E$404,"CH") -> 1620.0827 | H77: =AVERAGEIFS($G$86:$G$404,$B$86:$B$404,H$3,$E$86:$E$404,"CH") -> #DIV/0! | I77: =AVERAGEIFS($G$86:$G$404,$B$86:$B$404,I$3,$E$86:$E$404,"CH") -> #DIV/0! | J77: =AVERAGEIFS($G$86:$G$404,$B$86:$B$404,J$3,$E$86:$E$404,"CH") -> #DIV/0! | K77: =AVERAGEIFS(G86:G404, E86:E404,"CH") -> 1611.3866
A78: Batted Ball | B78: Avg EV | C78: =AVERAGEIFS($K$86:$K$404,$B$86:$B$404,C$3) -> 76.934528 | D78: =AVERAGEIFS($K$86:$K$404,$B$86:$B$404,D$3) -> 77.833867 | E78: =AVERAGEIFS($K$86:$K$404,$B$86:$B$404,E$3) -> 77.330712 | F78: =AVERAGEIFS($K$86:$K$404,$B$86:$B$404,F$3) -> 81.10602 | G78: =AVERAGEIFS($K$86:$K$404,$B$86:$B$404,G$3) -> 84.1425 | H78: =AVERAGEIFS($K$86:$K$404,$B$86:$B$404,H$3) -> #DIV/0! | I78: =AVERAGEIFS($K$86:$K$404,$B$86:$B$404,I$3) -> #DIV/0! | J78: =AVERAGEIFS($K$86:$K$404,$B$86:$B$404,J$3) -> #DIV/0! | K78: =AVERAGE(K86:K404) -> 80.376286
B79: Avg LA | C79: =AVERAGEIFS($L$86:$L$404,$B$86:$B$404,C$3) -> -10.348073 | D79: =AVERAGEIFS($L$86:$L$404,$B$86:$B$404,D$3) -> -3.3541122 | E79: =AVERAGEIFS($L$86:$L$404,$B$86:$B$404,E$3) -> 14.102611 | F79: =AVERAGEIFS($L$86:$L$404,$B$86:$B$404,F$3) -> 41.807916 | G79: =AVERAGEIFS($L$86:$L$404,$B$86:$B$404,G$3) -> 29.114784 | H79: =AVERAGEIFS($L$86:$L$404,$B$86:$B$404,H$3) -> #DIV/0! | I79: =AVERAGEIFS($L$86:$L$404,$B$86:$B$404,I$3) -> #DIV/0! | J79: =AVERAGEIFS($L$86:$L$404,$B$86:$B$404,J$3) -> #DIV/0! | K79: =AVERAGE(L86:L404) -> 17.554674
B80: Avg Distance | C80: =AVERAGEIFS($O$86:$O$404,$B$86:$B$404,C$3) -> 103 | D80: =AVERAGEIFS($O$86:$O$404,$B$86:$B$404,D$3) -> 100.75 | E80: =AVERAGEIFS($O$86:$O$404,$B$86:$B$404,E$3) -> 167.33333 | F80: =AVERAGEIFS($O$86:$O$404,$B$86:$B$404,F$3) -> 261.4 | G80: =AVERAGEIFS($O$86:$O$404,$B$86:$B$404,G$3) -> 200.375 | H80: =AVERAGEIFS($O$86:$O$404,$B$86:$B$404,H$3) -> #DIV/0! | I80: =AVERAGEIFS($O$86:$O$404,$B$86:$B$404,I$3) -> #DIV/0! | J80: =AVERAGEIFS($O$86:$O$404,$B$86:$B$404,J$3) -> #DIV/0! | K80: =AVERAGE(O374:O404) -> #DIV/0!
B81: Avg SqU% | C81: =AVERAGEIFS($P$86:$P$404,$B$86:$B$404,C$3) -> 1.18607 | D81: =AVERAGEIFS($P$86:$P$404,$B$86:$B$404,D$3) -> 1.2162725 | E81: =AVERAGEIFS($P$86:$P$404,$B$86:$B$404,E$3) -> 1.2850457 | F81: =AVERAGEIFS($P$86:$P$404,$B$86:$B$404,F$3) -> 1.2921665 | G81: =AVERAGEIFS($P$86:$P$404,$B$86:$B$404,G$3) -> 1.3283736 | H81: =AVERAGEIFS($P$86:$P$404,$B$86:$B$404,H$3) -> #DIV/0! | I81: =AVERAGEIFS($P$86:$P$404,$B$86:$B$404,I$3) -> #DIV/0! | J81: =AVERAGEIFS($P$86:$P$404,$B$86:$B$404,J$3) -> #DIV/0! | K81: =AVERAGE(P374:P404) -> #DIV/0!
B82: TSw/M% | C82: =(SUM(C51,C54,C57,C60)/(SUM(C50,C53,C56,C59))) -> 0.25 | D82: =(SUM(D51,D54,D57,D60)/(SUM(D50,D53,D56,D59))) -> 0.2 | E82: =(SUM(E51,E54,E57,E60)/(SUM(E50,E53,E56,E59))) -> 0.26315789 | F82: =(SUM(F51,F54,F57,F60)/(SUM(F50,F53,F56,F59))) -> 0.42105263 | G82: =(SUM(G51,G54,G57,G60)/(SUM(G50,G53,G56,G59))) -> 0.30434783 | H82: =(SUM(H51,H54,H57,H60)/(SUM(H50,H53,H56,H59))) -> #DIV/0! | I82: =(SUM(I51,I54,I57,I60)/(SUM(I50,I53,I56,I59))) -> #DIV/0! | J82: =(SUM(J51,J54,J57,J60)/(SUM(J50,J53,J56,J59))) -> #DIV/0! | K82: =(SUM(D51:G51)+SUM(D54:G54)+SUM(D57:G57)+SUM(D60:G60))/(SUM(D50:G50)+SUM(D53:G53)+SUM(D56:G56)+SUM(D59:G59)) -> 0.30263158
A86: PitchNo | B86: Date | C86: Time | D86: Pitcher | E86: Pitch Type | F86: Velocity | G86: SpinRate | H86: Ball/Strike | I86: Outcome | J86: Batter | K86: ExitSpeed | L86: Angle | M86: Direction | N86: BatSpeed | O86: Distance | P86: SmashFactor | Q86: SquaredUp
A87: Live BP | B87: 46193 | C87: 0.88023148 | D87: Drew Craig | E87: SL | F87: 72.539799 | G87: 2399.1506 | H87: 0 | J87: Easton Steck | T87: FB | U87: 0 | X87: CH | Y87: Yes
A88: Live BP | B88: 46193 | C88: 0.88060185 | D88: Drew Craig | E88: FB | F88: 78.193075 | G88: 2250.0164 | H88: 0 | J88: Easton Steck | T88: FB | U88: 0 | X88: CH
A89: Live BP | B89: 46193 | C89: 0.88092593 | D89: Drew Craig | E89: SL | F89: 74.254842 | G89: 826.78729 | H89: 1 | I89: Yes | J89: Easton Steck | L89: -64.60482 | M89: 8.1126518 | N89: 61.418367 | O89: 5 | T89: FB | U89: 0 | X89: CH | Y89: Yes
A90: Live BP | B90: 46193 | C90: 0.88138889 | D90: Drew Craig | E90: SL | F90: 73.683158 | G90: 2399.0547 | H90: 1 | I90: In Play | J90: Easton Steck | K90: 67.590327 | L90: 16.104284 | M90: -10.159312 | N90: 64.340377 | O90: 146 | P90: 1.0505118 | Q90: 0.71243858 | T90: FB | U90: 1 | V90: Foul | X90: CH
A91: Live BP | B91: 46193 | C91: 0.88190972 | D91: Drew Craig | E91: FB | F91: 77.351433 | G91: 2203.28 | H91: 0 | J91: Easton Steck | T91: FB | U91: 0 | X91: CH
A92: Live BP | B92: 46193 | C92: 0.88253472 | D92: Drew Craig | E92: FB | F92: 76.779758 | G92: 2150.9719 | H92: 0 | J92: Aidan Young | T92: FB | U92: 0 | X92: CH
A93: Live BP | B93: 46193 | C93: 0.88269676 | D93: Drew Craig | E93: SL | F93: 73.047962 | G93: 2337.0591 | H93: 0 | J93: Aidan Young | T93: FB | U93: 1 | V93: Foul | X93: CH
A94: Live BP | B94: 46193 | C94: 0.88296296 | D94: Drew Craig | E94: FB | F94: 76.414518 | G94: 2101.2842 | H94: 1 | I94: Foul | J94: Aidan Young | K94: 86.997759 | L94: 20.655521 | M94: -42.985615 | N94: 66.92523 | O94: 254 | P94: 1.2999247 | Q94: 0.88288246 | T94: SL | U94: 0 | X94: CH
A95: Live BP | B95: 46193 | C95: 0.88321759 | D95: Drew Craig | E95: SL | F95: 70.475401 | G95: 1212.6408 | H95: 1 | J95: Aidan Young | T95: SL | U95: 1 | V95: Yes | X95: CH | Y95: Yes
A96: Live BP | B96: 46193 | C96: 0.88350694 | D96: Drew Craig | E96: FB | F96: 78.002519 | G96: 2182.9226 | H96: 0 | J96: Aidan Young | T96: SL | U96: 1 | V96: In Play | X96: CH
A97: Live BP | B97: 46193 | C97: 0.88376157 | D97: Drew Craig | E97: SL | F97: 72.666842 | G97: 1280.4403 | H97: 0 | J97: Aidan Young | T97: SL | U97: 0 | X97: CH
A98: Live BP | B98: 46193 | C98: 0.88443287 | D98: Drew Craig | E98: SL | F98: 72.714483 | G98: 2443.7139 | H98: 0 | J98: Michael Chang | T98: SL | U98: 1 | X98: CH | Y98: In Play, Out
A99: Live BP | B99: 46193 | C99: 0.88462963 | D99: Drew Craig | E99: SL | F99: 71.317042 | G99: 1254.8212 | H99: 0 | J99: Michael Chang | T99: SL | U99: 0 | X99: FB
A100: Live BP | B100: 46193 | C100: 0.88482639 | D100: Drew Craig | E100: FB | F100: 75.652281 | G100: 2034.4204 | H100: 0 | J100: Michael Chang | T100: SL | U100: 0 | X100: FB
A101: Live BP | B101: 46193 | C101: 0.88510417 | D101: Drew Craig | E101: SL | F101: 71.968123 | G101: 1250.3389 | H101: 0 | J101: Michael Chang | T101: SL | U101: 0 | X101: FB | Y101: Foul
A102: Live BP | B102: 46193 | C102: 0.88553241 | D102: Drew Craig | E102: FB | F102: 76.922681 | G102: 1081.7933 | H102: 1 | I102: Foul | J102: Michael Chang | K102: 76.215498 | L102: -13.547279 | M102: -32.391033 | N102: 63.104142 | O102: 7 | P102: 1.2077733 | Q102: 0.8132473 | T102: SL | U102: 0 | X102: FB | Y102: BB
A103: 1 | B103: 46197 | C103: 0.58819444 | D103: Drew Craig | E103: FB | F103: 76.795638 | G103: 1997.5941 | H103: 0 | J103: Caleb Koontz | X103: FB | Y103: In Play, Out
...

Sheet Esteban
B1: Live AB Stats
B2: GABRIEL ESTEBAN
B3: Date | C3: 46193 | D3: 46200 | E3: 46214 | F3: 46221 | G3: 46224 | H3: 46228 | K3: Totals
B4: Opponent | C4: Live AB | D4: Live AB | E4: Live AB | F4: Live AB | G4: Velo | H4: Live AB
A5: General | B5: IP | C5: 2 | D5: 1.6666667 | E5: 3 | F5: 3 | G5: 0 | H5: 2.6666667 | I5: 0 | J5: 0 | K5: 0 | L5: 0 | M5: 0
B6: TP | C6: 40 | D6: 54 | E6: 68 | F6: 71 | G6: 19 | H6: 67 | I6: 0 | J6: 0 | K6: 0 | L6: 0 | M6: 0
B7: B | C7: 20 | D7: 23 | E7: 31 | F7: 36 | G7: 0 | H7: 33 | I7: 0 | J7: 0 | K7: 0 | L7: 0 | M7: 0
B8: S | C8: 20 | D8: 31 | E8: 37 | F8: 35 | G8: 19 | H8: 34 | I8: 0 | J8: 0 | K8: 0 | L8: 0 | M8: 0
B9: K% | C9: =C8/C6 -> 0.5 | D9: =D8/D6 -> 0.57407407 | E9: =E8/E6 -> 0.54411765 | F9: =F8/F6 -> 0.49295775 | G9: =G8/G6 -> 1 | H9: =H8/H6 -> 0.50746269 | I9: =I8/I6 -> #DIV/0! | J9: =J8/J6 -> #DIV/0! | ... M9: =M8/M6 -> #DIV/0!
B10: P/IP | C10: =C6/C5 -> 20 | D10: =D6/D5 -> 32.4 | E10: =E6/E5 -> 22.666667 | F10: =F6/F5 -> 23.666667 | G10: =G6/G5 -> #DIV/0! | H10: =H6/H5 -> 25.125 | I10: =I6/I5 -> #DIV/0! | J10: =J6/J5 -> #DIV/0! | ... M10: =M6/M5 -> #DIV/0!
B11: P/PA | C11: =C6/C12 -> 4.4444444 | D11: =D6/D12 -> 5.4 | E11: =E6/E12 -> 4.5333333 | F11: =F6/F12 -> 3.9444444 | G11: =G6/G12 -> #DIV/0! | H11: =H6/H12 -> 4.4666667 | I11: =I6/I12 -> #DIV/0! | J11: =J6/J12 -> #DIV/0! | ... M11: =M6/M12 -> #DIV/0!
B12: BF | C12: 9 | D12: 10 | E12: 15 | F12: 18 | G12: 0 | H12: 15 | I12: 0 | J12: 0 | K12: 0 | L12: 0 | M12: 0
B13: H | C13: 0 | D13: 2 | E13: 2 | F13: 6 | G13: 0 | H13: 3 | I13: 0 | J13: 0 | K13: 0 | L13: 0 | M13: 0
B14: BB | C14: 1 | D14: 3 | E14: 2 | F14: 2 | G14: 0 | H14: 5 | I14: 0 | J14: 0 | K14: 0 | L14: 0 | M14: 0
B15: BB% | C15: =C14/C12 -> 0.11111111 | D15: =D14/D12 -> 0.3 | E15: =E14/E12 -> 0.13333333 | F15: =F14/F12 -> 0.11111111 | G15: =G14/G12 -> #DIV/0! | H15: =H14/H12 -> 0.33333333 | I15: =I14/I12 -> #DIV/0! | J15: =J14/J12 -> #DIV/0! | ... M15: =M14/M12 -> #DIV/0!
B16: BB/7 | C16: =(C14/C5)*7 -> 3.5 | D16: =(D14/D5)*7 -> 12.6 | E16: =(E14/E5)*7 -> 4.6666667 | F16: =(F14/F5)*7 -> 4.6666667 | G16: =(G14/G5)*7 -> #DIV/0! | H16: =(H14/H5)*7 -> 13.125 | I16: =(I14/I5)*7 -> #DIV/0! | J16: =(J14/J5)*7 -> #DIV/0! | ... M16: =(M14/M5)*7 -> #DIV/0!
B17: HBP | C17: 2 | D17: 0 | E17: 0 | F17: 0 | G17: 0 | H17: 0 | I17: 0 | J17: 0 | K17: 0 | L17: 0 | M17: 0
B18: WHIP | C18: =(C14+C13)/C5 -> 0.5 | D18: =(D14+D13)/D5 -> 3 | E18: =(E14+E13)/E5 -> 1.3333333 | F18: =(F14+F13)/F5 -> 2.6666667 | G18: =(G14+G13)/G5 -> #DIV/0! | H18: =(H14+H13)/H5 -> 3 | I18: =(I14+I13)/I5 -> #DIV/0! | J18: =(J14+J13)/J5 -> #DIV/0! | ... M18: =(M14+M13)/M5 -> #DIV/0!
B19: KS | C19: 0 | D19: 0 | E19: 4 | F19: 3 | G19: 0 | H19: 1 | I19: 0 | J19: 0 | K19: 0 | L19: 0 | M19: 0
B20: KL | C20: 2 | D20: 0 | E20: 2 | F20: 0 | G20: 0 | H20: 2 | I20: 0 | J20: 0 | K20: 0 | L20: 0 | M20: 0
B21: K/7 | C21: =((C19+C20)/C5)*7 -> 7 | D21: =((D19+D20)/D5)*7 -> 0 | E21: =((E19+E20)/E5)*7 -> 14 | F21: =((F19+F20)/F5)*7 -> 7 | G21: =((G19+G20)/G5)*7 -> #DIV/0! | H21: =((H19+H20)/H5)*7 -> 7.875 | I21: =((I19+I20)/I5)*7 -> #DIV/0! | J21: =((J19+J20)/J5)*7 -> #DIV/0! | ... M21: =((M19+M20)/M5)*7 -> #DIV/0!
B22: K% | C22: =(C19+C20)/C12 -> 0.22222222 | D22: =(D19+D20)/D12 -> 0 | E22: =(E19+E20)/E12 -> 0.4 | F22: =(F19+F20)/F12 -> 0.16666667 | G22: =(G19+G20)/G12 -> #DIV/0! | H22: =(H19+H20)/H12 -> 0.2 | I22: =(I19+I20)/I12 -> #DIV/0! | J22: =(J19+J20)/J12 -> #DIV/0! | ... M22: =(M19+M20)/M12 -> #DIV/0!
B23: K/BB | C23: =(C19+C20)/C14 -> 2 | D23: =(D19+D20)/D14 -> 0 | E23: =(E19+E20)/E14 -> 3 | F23: =(F19+F20)/F14 -> 1.5 | G23: =(G19+G20)/G14 -> #DIV/0! | H23: =(H19+H20)/H14 -> 0.6 | I23: =(I19+I20)/I14 -> #DIV/0! | J23: =(J19+J20)/J14 -> #DIV/0! | ... M23: =(M19+M20)/M14 -> #DIV/0!
B24: K%-BB% | C24: =C22-C15 -> 0.11111111 | D24: =D22-D15 -> -0.3 | E24: =E22-E15 -> 0.26666667 | F24: =F22-F15 -> 0.055555556 | G24: =G22-G15 -> #DIV/0! | H24: =H22-H15 -> -0.13333333 | I24: =I22-I15 -> #DIV/0! | J24: =J22-J15 -> #DIV/0! | ... M24: =M22-M15 -> #DIV/0!
B25: BAA | C25: =C13/(C12-C14-C17) -> 0 | D25: =D13/(D12-D14-D17) -> 0.28571429 | E25: =E13/(E12-E14-E17) -> 0.15384615 | F25: =F13/(F12-F14-F17) -> 0.375 | G25: =G13/(G12-G14-G17) -> #DIV/0! | H25: =H13/(H12-H14-H17) -> 0.3 | I25: =I13/(I12-I14-I17) -> #DIV/0! | J25: =J13/(J12-J14-J17) -> #DIV/0! | ... M25: =M13/(M12-M14-M17) -> #DIV/0!
A26: Efficiency | B26: FPS | C26: 4 | D26: 1 | E26: 6 | F26: 6 | G26: 0 | H26: 6 | I26: 0 | J26: 0 | K26: 0 | L26: 0 | M26: 0
B27: FPS% | C27: =C26/C12 -> 0.44444444 | D27: =D26/D12 -> 0.1 | E27: =E26/E12 -> 0.4 | F27: =F26/F12 -> 0.33333333 | G27: =G26/G12 -> #DIV/0! | H27: =H26/H12 -> 0.4 | I27: =I26/I12 -> #DIV/0! | J27: =J26/J12 -> #DIV/0! | ... M27: =M26/M12 -> #DIV/0!
B28: 2/3K | C28: 3 | D28: 6 | E28: 6 | F28: 2 | G28: 0 | H28: 6 | I28: 0 | J28: 0 | K28: 0 | L28: 0 | M28: 0
B29: 2/3K% | C29: =C28/C12 -> 0.33333333 | D29: =D28/D12 -> 0.6 | E29: =E28/E12 -> 0.4 | F29: =F28/F12 -> 0.11111111 | G29: =G28/G12 -> #DIV/0! | H29: =H28/H12 -> 0.4 | I29: =I28/I12 -> #DIV/0! | J29: =J28/J12 -> #DIV/0! | ... M29: =M28/M12 -> #DIV/0!
B30: <3P | C30: 3 | D30: 3 | E30: 2 | F30: 6 | G30: 0 | H30: 3 | I30: 0 | J30: 0 | K30: 0 | L30: 0 | M30: 0
B31: <3P% | C31: =C30/C12 -> 0.33333333 | D31: =D30/D12 -> 0.3 | E31: =E30/E12 -> 0.13333333 | F31: =F30/F12 -> 0.33333333 | G31: =G30/G12 -> #DIV/0! | H31: =H30/H12 -> 0.2 | I31: =I30/I12 -> #DIV/0! | J31: =J30/J12 -> #DIV/0! | ... M31: =M30/M12 -> #DIV/0!
B32: 3BC | C32: 2 | D32: 3 | E32: 8 | F32: 10 | G32: 0 | H32: 6 | I32: 0 | J32: 0 | K32: 0 | L32: 0 | M32: 0
B33: 3BC% | C33: =C32/C12 -> 0.22222222 | D33: =D32/D12 -> 0.3 | E33: =E32/E12 -> 0.53333333 | F33: =F32/F12 -> 0.55555556 | G33: =G32/G12 -> #DIV/0! | H33: =H32/H12 -> 0.4 | I33: =I32/I12 -> #DIV/0! | J33: =J32/J12 -> #DIV/0! | ... M33: =M32/M12 -> #DIV/0!
A34: Usages/Strike Percentages | B34: TFB | C34: 22 | D34: 18 | E34: 27 | F34: 33 | G34: 0 | H34: 27 | I34: 0 | J34: 0 | K34: 0 | L34: 0 | M34: 0
B35: FBK | C35: 10 | D35: 10 | E35: 18 | F35: 22 | G35: 0 | H35: 16 | I35: 0 | J35: 0 | K35: 0 | L35: 0 | M35: 0
B36: FB% | C36: =C34/C6 -> 0.55 | D36: =D34/D6 -> 0.33333333 | E36: =E34/E6 -> 0.39705882 | F36: =F34/F6 -> 0.46478873 | G36: =G34/G6 -> 0 | H36: =H34/H6 -> 0.40298507 | I36: =I34/I6 -> #DIV/0! | J36: =J34/J6 -> #DIV/0! | ... M36: =M34/M6 -> #DIV/0!
B37: FBK% | C37: =C35/C34 -> 0.45454545 | D37: =D35/D34 -> 0.55555556 | E37: =E35/E34 -> 0.66666667 | F37: =F35/F34 -> 0.66666667 | G37: =G35/G34 -> #DIV/0! | H37: =H35/H34 -> 0.59259259 | I37: =I35/I34 -> #DIV/0! | J37: =J35/J34 -> #DIV/0! | ... M37: =M35/M34 -> #DIV/0!
B38: TSL | C38: 12 | D38: 26 | E38: 26 | F38: 15 | G38: 0 | H38: 24 | I38: 0 | J38: 0 | K38: 0 | L38: 0 | M38: 0
B39: SLK | C39: 7 | D39: 13 | E39: 11 | F39: 5 | G39: 0 | H39: 12 | I39: 0 | J39: 0 | K39: 0 | L39: 0 | M39: 0
B40: SL% | C40: =C38/C6 -> 0.3 | D40: =D38/D6 -> 0.48148148 | E40: =E38/E6 -> 0.38235294 | F40: =F38/F6 -> 0.21126761 | G40: =G38/G6 -> 0 | H40: =H38/H6 -> 0.35820896 | I40: =I38/I6 -> #DIV/0! | J40: =J38/J6 -> #DIV/0! | ... M40: =M38/M6 -> #DIV/0!
B41: SLK% | C41: =C39/C38 -> 0.58333333 | D41: =D39/D38 -> 0.5 | E41: =E39/E38 -> 0.42307692 | F41: =F39/F38 -> 0.33333333 | G41: =G39/G38 -> #DIV/0! | H41: =H39/H38 -> 0.5 | I41: =I39/I38 -> #DIV/0! | J41: =J39/J38 -> #DIV/0! | ... M41: =M39/M38 -> #DIV/0!
B42: TCH | C42: 0 | D42: 4 | E42: 3 | F42: 3 | G42: 0 | H42: 4 | I42: 0 | J42: 0 | K42: 0 | L42: 0 | M42: 0
B43: CHK | C43: 0 | D43: 3 | E43: 1 | F43: 2 | G43: 0 | H43: 1 | I43: 0 | J43: 0 | K43: 0 | L43: 0 | M43: 0
B44: CH% | C44: =C42/C6 -> 0 | D44: =D42/D6 -> 0.074074074 | E44: =E42/E6 -> 0.044117647 | F44: =F42/F6 -> 0.042253521 | G44: =G42/G6 -> 0 | H44: =H42/H6 -> 0.059701493 | I44: =I42/I6 -> #DIV/0! | J44: =J42/J6 -> #DIV/0! | ... M44: =M42/M6 -> #DIV/0!
B45: CHK% | C45: =C43/C42 -> #DIV/0! | D45: =D43/D42 -> 0.75 | E45: =E43/E42 -> 0.33333333 | F45: =F43/F42 -> 0.66666667 | G45: =G43/G42 -> #DIV/0! | H45: =H43/H42 -> 0.25 | I45: =I43/I42 -> #DIV/0! | J45: =J43/J42 -> #DIV/0! | ... M45: =M43/M42 -> #DIV/0!
B46: TCT | C46: 6 | D46: 6 | E46: 12 | F46: 20 | G46: 0 | H46: 12 | I46: 0 | J46: 0 | K46: 0 | L46: 0 | M46: 0
B47: CTK | C47: 3 | D47: 5 | E47: 7 | F47: 6 | G47: 0 | H47: 5 | I47: 0 | J47: 0 | K47: 0 | L47: 0 | M47: 0
B48: CT% | C48: =C46/C6 -> 0.15 | D48: =D46/D6 -> 0.11111111 | E48: =E46/E6 -> 0.17647059 | F48: =F46/F6 -> 0.28169014 | G48: =G46/G6 -> 0 | H48: =H46/H6 -> 0.17910448 | I48: =I46/I6 -> #DIV/0! | J48: =J46/J6 -> #DIV/0! | ... M48: =M46/M6 -> #DIV/0!
B49: CTK% | C49: =C47/C46 -> 0.5 | D49: =D47/D46 -> 0.83333333 | E49: =E47/E46 -> 0.58333333 | F49: =F47/F46 -> 0.3 | G49: =G47/G46 -> #DIV/0! | H49: =H47/H46 -> 0.41666667 | I49: =I47/I46 -> #DIV/0! | J49: =J47/J46 -> #DIV/0! | ... M49: =M47/M46 -> #DIV/0!
A50: Swing/Miss Percentages | B50: TFB SW | C50: 5 | D50: 9 | E50: 16 | F50: 21 | G50: 0 | H50: 15 | I50: 0 | J50: 0 | K50: 0 | L50: 0 | M50: 0
B51: FB SW/M | C51: 0 | D51: 3 | E51: 6 | F51: 7 | G51: 0 | H51: 3 | I51: 0 | J51: 0 | K51: 0 | L51: 0 | M51: 0
B52: FB SW/M% | C52: =C51/C50 -> 0 | D52: =D51/D50 -> 0.33333333 | E52: =E51/E50 -> 0.375 | F52: =F51/F50 -> 0.33333333 | G52: =G51/G50 -> #DIV/0! | H52: =H51/H50 -> 0.2 | I52: =I51/I50 -> #DIV/0! | J52: =J51/J50 -> #DIV/0! | ... M52: =M51/M50 -> #DIV/0!
B53: TSL SW | C53: 6 | D53: 9 | E53: 8 | F53: 4 | G53: 0 | H53: 7 | I53: 0 | J53: 0 | K53: 0 | L53: 0 | M53: 0
B54: SL SW/M | C54: 3 | D54: 0 | E54: 3 | F54: 2 | G54: 0 | H54: 4 | I54: 0 | J54: 0 | K54: 0 | L54: 0 | M54: 0
B55: SL SW/M% | C55: =C54/C53 -> 0.5 | D55: =D54/D53 -> 0 | E55: =E54/E53 -> 0.375 | F55: =F54/F53 -> 0.5 | G55: =G54/G53 -> #DIV/0! | H55: =H54/H53 -> 0.57142857 | I55: =I54/I53 -> #DIV/0! | J55: =J54/J53 -> #DIV/0! | ... M55: =M54/M53 -> #DIV/0!
B56: TCH SW | C56: 0 | D56: 3 | E56: 1 | F56: 2 | G56: 0 | H56: 0 | I56: 0 | J56: 0 | K56: 0 | L56: 0 | M56: 0
B57: CH SW/M | C57: 0 | D57: 0 | E57: 0 | F57: 0 | G57: 0 | H57: 0 | I57: 0 | J57: 0 | K57: 0 | L57: 0 | M57: 0
B58: CH SW/M% | C58: =C57/C56 -> #DIV/0! | D58: =D57/D56 -> 0 | E58: =E57/E56 -> 0 | F58: =F57/F56 -> 0 | G58: =G57/G56 -> #DIV/0! | H58: =H57/H56 -> #DIV/0! | I58: =I57/I56 -> #DIV/0! | J58: =J57/J56 -> #DIV/0! | ... M58: =M57/M56 -> #DIV/0!
B59: TCT SW | C59: 2 | D59: 4 | E59: 7 | F59: 6 | G59: 0 | H59: 4 | I59: 0 | J59: 0 | K59: 0 | L59: 0 | M59: 0
B60: CT SW/M | C60: 0 | D60: 0 | E60: 3 | F60: 3 | G60: 0 | H60: 0 | I60: 0 | J60: 0 | K60: 0 | L60: 0 | M60: 0
B61: CT SW/M% | C61: =C60/C59 -> 0 | D61: =D60/D59 -> 0 | E61: =E60/E59 -> 0.42857143 | F61: =F60/F59 -> 0.5 | G61: =G60/G59 -> #DIV/0! | H61: =H60/H59 -> 0 | I61: =I60/I59 -> #DIV/0! | J61: =J60/J59 -> #DIV/0! | ... M61: =M60/M59 -> #DIV/0!
A62: Metrics | B62: Avg FB Velo | C62: =AVERAGEIFS($F$86:$F$404,$B$86:$B$404,C$3,$E$86:$E$404,"FB") -> 83.711373 | D62: =AVERAGEIFS($F$86:$F$404,$B$86:$B$404,D$3,$E$86:$E$404,"FB") -> 84.702109 | E62: =AVERAGEIFS($F$86:$F$404,$B$86:$B$404,E$3,$E$86:$E$404,"FB") -> 83.377601 | F62: =AVERAGEIFS($F$86:$F$404,$B$86:$B$404,F$3,$E$86:$E$404,"FB") -> 84.03547 | G62: =AVERAGEIFS($F$86:$F$404,$B$86:$B$404,G$3,$E$86:$E$404,"FB") -> 86.320581 | H62: =AVERAGEIFS($F$86:$F$404,$B$86:$B$404,H$3,$E$86:$E$404,"FB") -> 84.702698 | I62: =AVERAGEIFS($F$86:$F$404,$B$86:$B$404,I$3,$E$86:$E$404,"FB") -> #DIV/0! | J62: =AVERAGEIFS($F$86:$F$404,$B$86:$B$404,J$3,$E$86:$E$404,"FB") -> #DIV/0! | K62: =AVERAGEIFS(F86:F404, E86:E404,"FB") -> 84.36793 | O62: 46193 | P62: 46200 | Q62: 46214 | R62: 46221 | S62: 46224 | T62: 46228
B63: Min FB Velo | C63: =_xlfn.MINIFS($F$86:$F$404,$B$86:$B$404,C$3,$E$86:$E$404,"FB") -> 80.575076 | D63: =_xlfn.MINIFS($F$86:$F$404,$B$86:$B$404,D$3,$E$86:$E$404,"FB") -> 83.655795 | E63: =_xlfn.MINIFS($F$86:$F$404,$B$86:$B$404,E$3,$E$86:$E$404,"FB") -> 80.019272 | F63: =_xlfn.MINIFS($F$86:$F$404,$B$86:$B$404,F$3,$E$86:$E$404,"FB") -> 81.877239 | G63: =_xlfn.MINIFS($F$86:$F$404,$B$86:$B$404,G$3,$E$86:$E$404,"FB") -> 83.5703 | H63: =_xlfn.MINIFS($F$86:$F$404,$B$86:$B$404,H$3,$E$86:$E$404,"FB") -> 82.893555 | I63: =_xlfn.MINIFS($F$86:$F$404,$B$86:$B$404,I$3,$E$86:$E$404,"FB") -> 0 | J63: =_xlfn.MINIFS($F$86:$F$404,$B$86:$B$404,J$3,$E$86:$E$404,"FB") -> 0 | K63: =_xlfn.MINIFS(F86:F404, E86:E404,"FB") -> 80.019272
B64: Max FB Velo | C64: =_xlfn.MAXIFS($F$86:$F$404,$B$86:$B$404,C$3,$E$86:$E$404,"FB") -> 87.72107 | D64: =_xlfn.MAXIFS($F$86:$F$404,$B$86:$B$404,D$3,$E$86:$E$404,"FB") -> 85.688437 | E64: =_xlfn.MAXIFS($F$86:$F$404,$B$86:$B$404,E$3,$E$86:$E$404,"FB") -> 85.100875 | F64: =_xlfn.MAXIFS($F$86:$F$404,$B$86:$B$404,F$3,$E$86:$E$404,"FB") -> 85.672556 | G64: =_xlfn.MAXIFS($F$86:$F$404,$B$86:$B$404,G$3,$E$86:$E$404,"FB") -> 88.908632 | H64: =_xlfn.MAXIFS($F$86:$F$404,$B$86:$B$404,H$3,$E$86:$E$404,"FB") -> 86.879429 | I64: =_xlfn.MAXIFS($F$86:$F$404,$B$86:$B$404,I$3,$E$86:$E$404,"FB") -> 0 | J64: =_xlfn.MAXIFS($F$86:$F$404,$B$86:$B$404,J$3,$E$86:$E$404,"FB") -> 0 | K64: =_xlfn.MAXIFS(F86:F404, E86:E404,"FB") -> 88.908632
B65: Avg FB RPM | C65: =AVERAGEIFS($G$86:$G$404,$B$86:$B$404,C$3,$E$86:$E$404,"FB") -> 2019.4665 | D65: =AVERAGEIFS($G$86:$G$404,$B$86:$B$404,D$3,$E$86:$E$404,"FB") -> 2044.1487 | E65: =AVERAGEIFS($G$86:$G$404,$B$86:$B$404,E$3,$E$86:$E$404,"FB") -> 1854.8772 | F65: =AVERAGEIFS($G$86:$G$404,$B$86:$B$404,F$3,$E$86:$E$404,"FB") -> 1987.5049 | G65: =AVERAGEIFS($G$86:$G$404,$B$86:$B$404,G$3,$E$86:$E$404,"FB") -> 2144.0507 | H65: =AVERAGEIFS($G$86:$G$404,$B$86:$B$404,H$3,$E$86:$E$404,"FB") -> 1907.8115 | I65: =AVERAGEIFS($G$86:$G$404,$B$86:$B$404,I$3,$E$86:$E$404,"FB") -> #DIV/0! | J65: =AVERAGEIFS($G$86:$G$404,$B$86:$B$404,J$3,$E$86:$E$404,"FB") -> #DIV/0! | K65: =AVERAGEIFS(G86:G404, E86:E404,"FB") -> 1980.4121
B66: Avg SL Velo | C66: =AVERAGEIFS($F$86:$F$404,$B$86:$B$404,C$3,$E$86:$E$404,"SL") -> 73.660662 | D66: =AVERAGEIFS($F$86:$F$404,$B$86:$B$404,D$3,$E$86:$E$404,"SL") -> 73.250124 | E66: =AVERAGEIFS($F$86:$F$404,$B$86:$B$404,E$3,$E$86:$E$404,"SL") -> 73.858449 | F66: =AVERAGEIFS($F$86:$F$404,$B$86:$B$404,F$3,$E$86:$E$404,"SL") -> 73.195115 | G66: =AVERAGEIFS($F$86:$F$404,$B$86:$B$404,G$3,$E$86:$E$404,"SL") -> #DIV/0! | H66: =AVERAGEIFS($F$86:$F$404,$B$86:$B$404,H$3,$E$86:$E$404,"SL") -> 73.206759 | I66: =AVERAGEIFS($F$86:$F$404,$B$86:$B$404,I$3,$E$86:$E$404,"SL") -> #DIV/0! | J66: =AVERAGEIFS($F$86:$F$404,$B$86:$B$404,J$3,$E$86:$E$404,"SL") -> #DIV/0! | K66: =AVERAGEIFS(F86:F404, E86:E404,"SL") -> 73.435618
B67: Min SL Velo | C67: =_xlfn.MINIFS($F$86:$F$404,$B$86:$B$404,C$3,$E$86:$E$404,"SL") -> 68.093404 | D67: =_xlfn.MINIFS($F$86:$F$404,$B$86:$B$404,D$3,$E$86:$E$404,"SL") -> 66.997681 | E67: =_xlfn.MINIFS($F$86:$F$404,$B$86:$B$404,E$3,$E$86:$E$404,"SL") -> 71.904602 | F67: =_xlfn.MINIFS($F$86:$F$404,$B$86:$B$404,F$3,$E$86:$E$404,"SL") -> 70.761243 | G67: =_xlfn.MINIFS($F$86:$F$404,$B$86:$B$404,G$3,$E$86:$E$404,"SL") -> 0 | H67: =_xlfn.MINIFS($F$86:$F$404,$B$86:$B$404,H$3,$E$86:$E$404,"SL") -> 71.650517 | I67: =_xlfn.MINIFS($F$86:$F$404,$B$86:$B$404,I$3,$E$86:$E$404,"SL") -> 0 | J67: =_xlfn.MINIFS($F$86:$F$404,$B$86:$B$404,J$3,$E$86:$E$404,"SL") -> 0 | K67: =_xlfn.MINIFS(F86:F404, E86:E404,"SL") -> 66.997681
B68: Max SL Velo | C68: =_xlfn.MAXIFS($F$86:$F$404,$B$86:$B$404,C$3,$E$86:$E$404,"SL") -> 75.826954 | D68: =_xlfn.MAXIFS($F$86:$F$404,$B$86:$B$404,D$3,$E$86:$E$404,"SL") -> 76.922681 | E68: =_xlfn.MAXIFS($F$86:$F$404,$B$86:$B$404,E$3,$E$86:$E$404,"SL") -> 76.605074 | F68: =_xlfn.MAXIFS($F$86:$F$404,$B$86:$B$404,F$3,$E$86:$E$404,"SL") -> 76.47804 | G68: =_xlfn.MAXIFS($F$86:$F$404,$B$86:$B$404,G$3,$E$86:$E$404,"SL") -> 0 | H68: =_xlfn.MAXIFS($F$86:$F$404,$B$86:$B$404,H$3,$E$86:$E$404,"SL") -> 74.953561 | I68: =_xlfn.MAXIFS($F$86:$F$404,$B$86:$B$404,I$3,$E$86:$E$404,"SL") -> 0 | J68: =_xlfn.MAXIFS($F$86:$F$404,$B$86:$B$404,J$3,$E$86:$E$404,"SL") -> 0 | K68: =_xlfn.MAXIFS(F86:F404, E86:E404,"SL") -> 76.922681
B69: Avg SL RPM | C69: =AVERAGEIFS($G$86:$G$404,$B$86:$B$404,C$3,$E$86:$E$404,"SL") -> 1850.2749 | D69: =AVERAGEIFS($G$86:$G$404,$B$86:$B$404,D$3,$E$86:$E$404,"SL") -> 1930.8686 | E69: =AVERAGEIFS($G$86:$G$404,$B$86:$B$404,E$3,$E$86:$E$404,"SL") -> 2012.9741 | F69: =AVERAGEIFS($G$86:$G$404,$B$86:$B$404,F$3,$E$86:$E$404,"SL") -> 1955.5228 | G69: =AVERAGEIFS($G$86:$G$404,$B$86:$B$404,G$3,$E$86:$E$404,"SL") -> #DIV/0! | H69: =AVERAGEIFS($G$86:$G$404,$B$86:$B$404,H$3,$E$86:$E$404,"SL") -> 1847.2129 | I69: =AVERAGEIFS($G$86:$G$404,$B$86:$B$404,I$3,$E$86:$E$404,"SL") -> #DIV/0! | J69: =AVERAGEIFS($G$86:$G$404,$B$86:$B$404,J$3,$E$86:$E$404,"SL") -> #DIV/0! | K69: =AVERAGEIFS(G86:G404, E86:E404,"SL") -> 1927.0779
B70: Avg CT Velo | C70: =AVERAGEIFS($F$86:$F$404,$B$86:$B$404,C$3,$E$86:$E$404,"CT") -> 78.738292 | D70: =AVERAGEIFS($F$86:$F$404,$B$86:$B$404,D$3,$E$86:$E$404,"CT") -> 77.036485 | E70: =AVERAGEIFS($F$86:$F$404,$B$86:$B$404,E$3,$E$86:$E$404,"CT") -> 79.108822 | F70: =AVERAGEIFS($F$86:$F$404,$B$86:$B$404,F$3,$E$86:$E$404,"CT") -> 77.704767 | G70: =AVERAGEIFS($F$86:$F$404,$B$86:$B$404,G$3,$E$86:$E$404,"CT") -> #DIV/0! | H70: =AVERAGEIFS($F$86:$F$404,$B$86:$B$404,H$3,$E$86:$E$404,"CT") -> 77.150292 | I70: =AVERAGEIFS($F$86:$F$404,$B$86:$B$404,I$3,$E$86:$E$404,"CT") -> #DIV/0! | J70: =AVERAGEIFS($F$86:$F$404,$B$86:$B$404,J$3,$E$86:$E$404,"CT") -> #DIV/0! | K70: =AVERAGEIFS(F86:F404, E86:E404,"CT") -> 77.925953
B71: Min CT Velo | C71: =_xlfn.MINIFS($F$86:$F$404,$B$86:$B$404,C$3,$E$86:$E$404,"CT") -> 77.240282 | D71: =_xlfn.MINIFS($F$86:$F$404,$B$86:$B$404,D$3,$E$86:$E$404,"CT") -> 75.525236 | E71: =_xlfn.MINIFS($F$86:$F$404,$B$86:$B$404,E$3,$E$86:$E$404,"CT") -> 77.811955 | F71: =_xlfn.MINIFS($F$86:$F$404,$B$86:$B$404,F$3,$E$86:$E$404,"CT") -> 75.842835 | G71: =_xlfn.MINIFS($F$86:$F$404,$B$86:$B$404,G$3,$E$86:$E$404,"CT") -> 0 | H71: =_xlfn.MINIFS($F$86:$F$404,$B$86:$B$404,H$3,$E$86:$E$404,"CT") -> 75.144116 | I71: =_xlfn.MINIFS($F$86:$F$404,$B$86:$B$404,I$3,$E$86:$E$404,"CT") -> 0 | J71: =_xlfn.MINIFS($F$86:$F$404,$B$86:$B$404,J$3,$E$86:$E$404,"CT") -> 0 | K71: =_xlfn.MINIFS(F86:F404, E86:E404,"CT") -> 75.144116
B72: Max CT Velo | C72: =_xlfn.MAXIFS($F$86:$F$404,$B$86:$B$404,C$3,$E$86:$E$404,"CT") -> 79.908118 | D72: =_xlfn.MAXIFS($F$86:$F$404,$B$86:$B$404,D$3,$E$86:$E$404,"CT") -> 77.621399 | E72: =_xlfn.MAXIFS($F$86:$F$404,$B$86:$B$404,E$3,$E$86:$E$404,"CT") -> 80.479794 | F72: =_xlfn.MAXIFS($F$86:$F$404,$B$86:$B$404,F$3,$E$86:$E$404,"CT") -> 79.145879 | G72: =_xlfn.MAXIFS($F$86:$F$404,$B$86:$B$404,G$3,$E$86:$E$404,"CT") -> 0 | H72: =_xlfn.MAXIFS($F$86:$F$404,$B$86:$B$404,H$3,$E$86:$E$404,"CT") -> 78.701237 | I72: =_xlfn.MAXIFS($F$86:$F$404,$B$86:$B$404,I$3,$E$86:$E$404,"CT") -> 0 | J72: =_xlfn.MAXIFS($F$86:$F$404,$B$86:$B$404,J$3,$E$86:$E$404,"CT") -> 0 | K72: =_xlfn.MAXIFS(F86:F404, E86:E404,"CT") -> 80.479794
B73: Avg CT RPM | C73: =AVERAGEIFS($G$86:$G$404,$B$86:$B$404,C$3,$E$86:$E$404,"CT") -> 1718.5542 | D73: =AVERAGEIFS($G$86:$G$404,$B$86:$B$404,D$3,$E$86:$E$404,"CT") -> 1153.759 | E73: =AVERAGEIFS($G$86:$G$404,$B$86:$B$404,E$3,$E$86:$E$404,"CT") -> 2013.0326 | F73: =AVERAGEIFS($G$86:$G$404,$B$86:$B$404,F$3,$E$86:$E$404,"CT") -> 1581.0561 | G73: =AVERAGEIFS($G$86:$G$404,$B$86:$B$404,G$3,$E$86:$E$404,"CT") -> #DIV/0! | H73: =AVERAGEIFS($G$86:$G$404,$B$86:$B$404,H$3,$E$86:$E$404,"CT") -> 1556.2754 | I73: =AVERAGEIFS($G$86:$G$404,$B$86:$B$404,I$3,$E$86:$E$404,"CT") -> #DIV/0! | J73: =AVERAGEIFS($G$86:$G$404,$B$86:$B$404,J$3,$E$86:$E$404,"CT") -> #DIV/0! | K73: =AVERAGEIFS(G86:G404, E86:E404,"CT") -> 1637.2625
B74: Avg CH Velo | C74: =AVERAGEIFS($F$86:$F$404,$B$86:$B$404,C$3,$E$86:$E$404,"CH") -> #DIV/0! | D74: =AVERAGEIFS($F$86:$F$404,$B$86:$B$404,D$3,$E$86:$E$404,"CH") -> 80.062947 | E74: =AVERAGEIFS($F$86:$F$404,$B$86:$B$404,E$3,$E$86:$E$404,"CH") -> 79.96105 | F74: =AVERAGEIFS($F$86:$F$404,$B$86:$B$404,F$3,$E$86:$E$404,"CH") -> 78.828274 | G74: =AVERAGEIFS($F$86:$F$404,$B$86:$B$404,G$3,$E$86:$E$404,"CH") -> #DIV/0! | H74: =AVERAGEIFS($F$86:$F$404,$B$86:$B$404,H$3,$E$86:$E$404,"CH") -> 78.250246 | I74: =AVERAGEIFS($F$86:$F$404,$B$86:$B$404,I$3,$E$86:$E$404,"CH") -> #DIV/0! | J74: =AVERAGEIFS($F$86:$F$404,$B$86:$B$404,J$3,$E$86:$E$404,"CH") -> #DIV/0! | K74: =AVERAGEIFS(F86:F404, E86:E404,"CH") -> 79.191399
B75: Min CH Velo | C75: =_xlfn.MINIFS($F$86:$F$404,$B$86:$B$404,C$3,$E$86:$E$404,"CH") -> 0 | D75: =_xlfn.MINIFS($F$86:$F$404,$B$86:$B$404,D$3,$E$86:$E$404,"CH") -> 78.002519 | E75: =_xlfn.MINIFS($F$86:$F$404,$B$86:$B$404,E$3,$E$86:$E$404,"CH") -> 79.526998 | F75: =_xlfn.MINIFS($F$86:$F$404,$B$86:$B$404,F$3,$E$86:$E$404,"CH") -> 78.193075 | G75: =_xlfn.MINIFS($F$86:$F$404,$B$86:$B$404,G$3,$E$86:$E$404,"CH") -> 0 | H75: =_xlfn.MINIFS($F$86:$F$404,$B$86:$B$404,H$3,$E$86:$E$404,"CH") -> 75.588757 | I75: =_xlfn.MINIFS($F$86:$F$404,$B$86:$B$404,I$3,$E$86:$E$404,"CH") -> 0 | J75: =_xlfn.MINIFS($F$86:$F$404,$B$86:$B$404,J$3,$E$86:$E$404,"CH") -> 0 | K75: =_xlfn.MINIFS(F86:F404, E86:E404,"CH") -> 75.588757
B76: Max CH Velo | C76: =_xlfn.MAXIFS($F$86:$F$404,$B$86:$B$404,C$3,$E$86:$E$404,"CH") -> 0 | D76: =_xlfn.MAXIFS($F$86:$F$404,$B$86:$B$404,D$3,$E$86:$E$404,"CH") -> 81.543751 | E76: =_xlfn.MAXIFS($F$86:$F$404,$B$86:$B$404,E$3,$E$86:$E$404,"CH") -> 80.336879 | F76: =_xlfn.MAXIFS($F$86:$F$404,$B$86:$B$404,F$3,$E$86:$E$404,"CH") -> 79.781075 | G76: =_xlfn.MAXIFS($F$86:$F$404,$B$86:$B$404,G$3,$E$86:$E$404,"CH") -> 0 | H76: =_xlfn.MAXIFS($F$86:$F$404,$B$86:$B$404,H$3,$E$86:$E$404,"CH") -> 79.781075 | I76: =_xlfn.MAXIFS($F$86:$F$404,$B$86:$B$404,I$3,$E$86:$E$404,"CH") -> 0 | J76: =_xlfn.MAXIFS($F$86:$F$404,$B$86:$B$404,J$3,$E$86:$E$404,"CH") -> 0 | K76: =_xlfn.MAXIFS(F86:F404, E86:E404,"CH") -> 81.543751
B77: Avg CH RPM | C77: =AVERAGEIFS($G$86:$G$404,$B$86:$B$404,C$3,$E$86:$E$404,"CH") -> #DIV/0! | D77: =AVERAGEIFS($G$86:$G$404,$B$86:$B$404,D$3,$E$86:$E$404,"CH") -> 1763.1749 | E77: =AVERAGEIFS($G$86:$G$404,$B$86:$B$404,E$3,$E$86:$E$404,"CH") -> 1599.4588 | F77: =AVERAGEIFS($G$86:$G$404,$B$86:$B$404,F$3,$E$86:$E$404,"CH") -> 1439.2006 | G77: =AVERAGEIFS($G$86:$G$404,$B$86:$B$404,G$3,$E$86:$E$404,"CH") -> #DIV/0! | H77: =AVERAGEIFS($G$86:$G$404,$B$86:$B$404,H$3,$E$86:$E$404,"CH") -> 1386.4962 | I77: =AVERAGEIFS($G$86:$G$404,$B$86:$B$404,I$3,$E$86:$E$404,"CH") -> #DIV/0! | J77: =AVERAGEIFS($G$86:$G$404,$B$86:$B$404,J$3,$E$86:$E$404,"CH") -> #DIV/0! | K77: =AVERAGEIFS(G86:G404, E86:E404,"CH") -> 1540.0773
A78: Batted Ball | B78: Avg EV | C78: =AVERAGEIFS($K$86:$K$404,$B$86:$B$404,C$3) -> 82.669086 | D78: =AVERAGEIFS($K$86:$K$404,$B$86:$B$404,D$3) -> 79.632779 | E78: =AVERAGEIFS($K$86:$K$404,$B$86:$B$404,E$3) -> 80.87024 | F78: =AVERAGEIFS($K$86:$K$404,$B$86:$B$404,F$3) -> 79.157372 | G78: =AVERAGEIFS($K$86:$K$404,$B$86:$B$404,G$3) -> #DIV/0! | H78: =AVERAGEIFS($K$86:$K$404,$B$86:$B$404,H$3) -> 77.947892 | I78: =AVERAGEIFS($K$86:$K$404,$B$86:$B$404,I$3) -> #DIV/0! | J78: =AVERAGEIFS($K$86:$K$404,$B$86:$B$404,J$3) -> #DIV/0! | K78: =AVERAGE(K86:K404) -> 79.605887
B79: Avg LA | C79: =AVERAGEIFS($L$86:$L$404,$B$86:$B$404,C$3) -> 20.105638 | D79: =AVERAGEIFS($L$86:$L$404,$B$86:$B$404,D$3) -> 5.6206485 | E79: =AVERAGEIFS($L$86:$L$404,$B$86:$B$404,E$3) -> 40.667015 | F79: =AVERAGEIFS($L$86:$L$404,$B$86:$B$404,F$3) -> 29.936776 | G79: =AVERAGEIFS($L$86:$L$404,$B$86:$B$404,G$3) -> #DIV/0! | H79: =AVERAGEIFS($L$86:$L$404,$B$86:$B$404,H$3) -> 6.4438755 | I79: =AVERAGEIFS($L$86:$L$404,$B$86:$B$404,I$3) -> #DIV/0! | J79: =AVERAGEIFS($L$86:$L$404,$B$86:$B$404,J$3) -> #DIV/0! | K79: =AVERAGE(L86:L404) -> 19.196334
B80: Avg Distance | C80: =AVERAGEIFS($O$86:$O$404,$B$86:$B$404,C$3) -> 189.25 | D80: =AVERAGEIFS($O$86:$O$404,$B$86:$B$404,D$3) -> 123.66667 | E80: =AVERAGEIFS($O$86:$O$404,$B$86:$B$404,E$3) -> 267.71429 | F80: =AVERAGEIFS($O$86:$O$404,$B$86:$B$404,F$3) -> 228.33333 | G80: =AVERAGEIFS($O$86:$O$404,$B$86:$B$404,G$3) -> #DIV/0! | H80: =AVERAGEIFS($O$86:$O$404,$B$86:$B$404,H$3) -> 155.5 | I80: =AVERAGEIFS($O$86:$O$404,$B$86:$B$404,I$3) -> #DIV/0! | J80: =AVERAGEIFS($O$86:$O$404,$B$86:$B$404,J$3) -> #DIV/0! | K80: =AVERAGE(O374:O404) -> 125.71429
B81: Avg SqU% | C81: =AVERAGEIFS($P$86:$P$404,$B$86:$B$404,C$3) -> 0.8560071 | D81: =AVERAGEIFS($P$86:$P$404,$B$86:$B$404,D$3) -> 0.82150187 | E81: =AVERAGEIFS($P$86:$P$404,$B$86:$B$404,E$3) -> 0.78222822 | F81: =AVERAGEIFS($P$86:$P$404,$B$86:$B$404,F$3) -> 0.74028555 | G81: =AVERAGEIFS($P$86:$P$404,$B$86:$B$404,G$3) -> #DIV/0! | H81: =AVERAGEIFS($P$86:$P$404,$B$86:$B$404,H$3) -> 0.74509638 | I81: =AVERAGEIFS($P$86:$P$404,$B$86:$B$404,I$3) -> #DIV/0! | J81: =AVERAGEIFS($P$86:$P$404,$B$86:$B$404,J$3) -> #DIV/0! | K81: =AVERAGE(P374:P404) -> 0.72630929
B82: TSw/M% | C82: =(SUM(C51,C54,C57,C60)/(SUM(C50,C53,C56,C59))) -> 0.23076923 | D82: =(SUM(D51,D54,D57,D60)/(SUM(D50,D53,D56,D59))) -> 0.12 | E82: =(SUM(E51,E54,E57,E60)/(SUM(E50,E53,E56,E59))) -> 0.375 | F82: =(SUM(F51,F54,F57,F60)/(SUM(F50,F53,F56,F59))) -> 0.36363636 | G82: =(SUM(C51:F51)+SUM(C54:F54)+SUM(C57:F57)+SUM(C60:F60))/(SUM(C50:F50)+SUM(C53:F53)+SUM(C56:F56)+SUM(C59:F59)) -> 0.29126214 | H82: =(SUM(D51:G51)+SUM(D54:G54)+SUM(D57:G57)+SUM(D60:G60))/(SUM(D50:G50)+SUM(D53:G53)+SUM(D56:G56)+SUM(D59:G59)) -> 0.3
A85: PitchNo | B85: Date | C85: Time | D85: Pitcher | E85: Pitch Type | F85: Velocity | G85: SpinRate | H85: Ball/Strike | I85: Outcome | J85: Batter | K85: ExitSpeed | L85: Angle | M85: Direction | N85: BatSpeed | O85: Distance | P85: SquaredUp
A86: 1 | B86: 46193 | C86: 0.79833333 | D86: Gabriel Esteban | E86: FB | F86: 84.005154 | G86: 2205.5835 | H86: 0 | J86: Carter Walsh | R86: CT | S86: 1 | T86: In Play | AA86: CH | AB86: 0 | AC86: BB
A87: 2 | B87: 46193 | C87: 0.7987963 | D87: Gabriel Esteban | E87: SL | F87: 74.191321 | G87: 2112.2353 | H87: 1 | I87: Yes | J87: Carter Walsh | N87: 60.294519 | R87: CT | S87: 0 | AA87: CH | AB87: 1 | AC87: bK
A88: 3 | B88: 46193 | C88: 0.7990162 | D88: Gabriel Esteban | E88: FB | F88: 86.641229 | G88: 2295.9766 | H88: 0 | J88: Carter Walsh | R88: CT | S88: 1 | T88: . | AA88: CH | AB88: 1 | AC88: Foul
A89: 4 | B89: 46193 | C89: 0.79931713 | D89: Gabriel Esteban | E89: CT | F89: 78.367759 | G89: 1101.5679 | H89: 1 | I89: In Play, Out | J89: Carter Walsh | K89: 82.175236 | L89: 35.50478 | M89: 19.350521 | N89: 67.487152 | O89: 291 | P89: 0.82801643 | R89: CT | S89: 0 | AA89: CH | AB89: 1 | AC89: Foul
A90: 5 | B90: 46193 | C90: 0.79967593 | D90: Gabriel Esteban | E90: SL | F90: 74.445398 | G90: 2217.4929 | H90: 0 | J90: Easton Steck | R90: CT | S90: 1 | T90: Foul | AA90: CH | AB90: 1 | AC90: Foul
A91: 6 | B91: 46193 | C91: 0.79986111 | D91: Gabriel Esteban | E91: FB | F91: 84.735633 | G91: 1159.7811 | H91: 1 | I91: Foul | J91: Easton Steck | K91: 67.705513 | L91: 38.610313 | N91: 67.908596 | P91: 0.66806122 | R91: CT | S91: 0 | AA91: CH | AB91: 1 | AC91: Foul
A92: 7 | B92: 46193 | C92: 0.80012731 | D92: Gabriel Esteban | E92: FB | F92: 81.369076 | G92: 1434.2365 | H92: 0 | J92: Easton Steck | R92: FB | S92: 0 | AA92: CH | AB92: 1 | AC92: In Play, Out
A93: 8 | B93: 46193 | C93: 0.80032407 | D93: Gabriel Esteban | E93: SL | F93: 74.572441 | G93: 2281.0447 | H93: 0 | J93: Easton Steck | R93: FB | S93: 0 | AA93: CH | AB93: 1 | AC93: In Play, Out
A94: 9 | B94: 46193 | C94: 0.80052083 | D94: Gabriel Esteban | E94: FB | F94: 85.180274 | G94: 2337.9058 | H94: 0 | I94: BB | J94: Easton Steck | R94: FB | S94: 1 | T94: Foul | AA94: CH | AB94: 0
A95: 10 | B95: 46193 | C95: 0.80074074 | D95: Gabriel Esteban | E95: FB | F95: 85.053228 | G95: 1171.7508 | H95: 1 | I95: In Play, Hit | J95: Easton Steck | K95: 91.22002 | L95: 12.125843 | N95: 72.656858 | O95: 224 | P95: 0.8523806 | R95: FB | S95: 0 | AA95: CH | AB95: 0
A96: 11 | B96: 46193 | C96: 0.80109954 | D96: Gabriel Esteban | E96: FB | F96: 84.735633 | G96: 2150.64 | H96: 0 | J96: Michael Caranna | R96: FB | S96: 0 | T96: BB | AA96: CH | AB96: 0
A97: 12 | B97: 46193 | C97: 0.80137731 | D97: Gabriel Esteban | E97: FB | F97: 81.559632 | G97: 2143.5754 | H97: 0 | J97: Michael Caranna | R97: FB | S97: 1 | T97: In Play | AA97: CH | AB97: 0
A98: 13 | B98: 46193 | C98: 0.80170139 | D98: Gabriel Esteban | E98: FB | F98: 86.577711 | G98: 2234.8814 | H98: 0 | I98: HBP | J98: Michael Caranna | R98: FB | S98: 0 | AA98: CH | AB98: 0
A99: 14 | B99: 46193 | C99: 0.80300926 | D99: Gabriel Esteban | E99: SL | F99: 75.826954 | G99: 2359.8291 | H99: 1 | I99: Yes | J99: Aidan Young | N99: 70.690123 | R99: FB | S99: 0 | AA99: CH | AB99: 0
A100: 15 | B100: 46193 | C100: 0.80321759 | D100: Gabriel Esteban | E100: FB | F100: 83.131752 | G100: 2265.6592 | H100: 0 | J100: Aidan Young | R100: FB | S100: 0 | T100: HBP | AA100: CH | AB100: 0
A101: 16 | B101: 46193 | C101: 0.8034375 | D101: Gabriel Esteban | E101: FB | F101: 85.116757 | G101: 2263.6328 | H101: 0 | J101: Aidan Young | R101: FB | S101: 0 | AA101: CT | AB101: 1 | AC101: .
A102: 17 | B102: 46193 | C102: 0.80373843 | D102: Gabriel Esteban | E102: FB | F102: 87.72107 | G102: 1157.3105 | H102: 1 | I102: Foul | J102: Aidan Young | N102: 67.093804 | R102: FB | S102: 0 | AA102: CT | AB102: 0 | AC102: BB
...

Sheet Garcia
B1: Live AB Stats
B2: SEBASTIAN GARCIA
B3: Date | C3: 46193 | D3: 46197 | E3: 46200 | F3: 46203 | G3: 46214 | H3: 46218 | I3: 46224 | J3: 46228 | K3: Totals
B4: Opponent | C4: Live BP | D4: Live AB | E4: Live BP | F4: Live AB | G4: Live AB | H4: Live AB | I4: Live AB | J4: Live AB
A5: General | B5: IP | C5: 1 | D5: 2 | E5: =5/3 -> 1.6666667 | F5: =5/3 -> 1.6666667 | G5: 2 | H5: =7/3 -> 2.3333333 | I5: 3 | J5: =4/3 -> 1.3333333 | K5: 0 | L5: 0 | M5: 0
B6: TP | C6: 23 | D6: 52 | E6: 26 | F6: 35 | G6: 29 | H6: 46 | I6: 58 | J6: 19 | K6: 0 | L6: 0 | M6: 0
B7: B | C7: 9 | D7: 24 | E7: 11 | F7: 15 | G7: 10 | H7: 21 | I7: 19 | J7: 8 | K7: 0 | L7: 0 | M7: 0
B8: S | C8: 14 | D8: 28 | E8: 15 | F8: 20 | G8: 19 | H8: 25 | I8: 39 | J8: 11 | K8: 0 | L8: 0 | M8: 0
B9: K% | C9: =C8/C6 -> 0.60869565 | D9: =D8/D6 -> 0.53846154 | E9: =E8/E6 -> 0.57692308 | F9: =F8/F6 -> 0.57142857 | G9: =G8/G6 -> 0.65517241 | H9: =H8/H6 -> 0.54347826 | I9: =I8/I6 -> 0.67241379 | J9: =J8/J6 -> 0.57894737 | ... M9: =M8/M6 -> #DIV/0!
B10: P/IP | C10: =C6/C5 -> 23 | D10: =D6/D5 -> 26 | E10: =E6/E5 -> 15.6 | F10: =F6/F5 -> 21 | G10: =G6/G5 -> 14.5 | H10: =H6/H5 -> 19.714286 | I10: =I6/I5 -> 19.333333 | J10: =J6/J5 -> 14.25 | ... M10: =M6/M5 -> #DIV/0!
B11: P/PA | C11: =C6/C12 -> 5.75 | D11: =D6/D12 -> 4.7272727 | E11: =E6/E12 -> 5.2 | F11: =F6/F12 -> 4.375 | G11: =G6/G12 -> 3.2222222 | H11: =H6/H12 -> 4.6 | I11: =I6/I12 -> 3.8666667 | J11: =J6/J12 -> 3.8 | ... M11: =M6/M12 -> #DIV/0!
B12: BF | C12: 4 | D12: 11 | E12: 5 | F12: 8 | G12: 9 | H12: 10 | I12: 15 | J12: 5 | K12: 0 | L12: 0 | M12: 0
B13: H | C13: 1 | D13: 0 | E13: 0 | F13: 2 | G13: 2 | H13: 1 | I13: 4 | J13: 1 | K13: 0 | L13: 0 | M13: 0
B14: BB | C14: 1 | D14: 5 | E14: 0 | F14: 1 | G14: 1 | H14: 2 | I14: 1 | J14: 0 | K14: 0 | L14: 0 | M14: 0
B15: BB% | C15: =C14/C12 -> 0.25 | D15: =D14/D12 -> 0.45454545 | E15: =E14/E12 -> 0 | F15: =F14/F12 -> 0.125 | G15: =G14/G12 -> 0.11111111 | H15: =H14/H12 -> 0.2 | I15: =I14/I12 -> 0.066666667 | J15: =J14/J12 -> 0 | ... M15: =M14/M12 -> #DIV/0!
B16: BB/7 | C16: =(C14/C5)*7 -> 7 | D16: =(D14/D5)*7 -> 17.5 | E16: =(E14/E5)*7 -> 0 | F16: =(F14/F5)*7 -> 4.2 | G16: =(G14/G5)*7 -> 3.5 | H16: =(H14/H5)*7 -> 6 | I16: =(I14/I5)*7 -> 2.3333333 | J16: =(J14/J5)*7 -> 0 | ... M16: =(M14/M5)*7 -> #DIV/0!
B17: HBP | C17: 0 | D17: 0 | E17: 0 | F17: 0 | G17: 0 | H17: 0 | I17: 0 | J17: 0 | K17: 0 | L17: 0 | M17: 0
B18: WHIP | C18: =(C14+C13)/C5 -> 2 | D18: =(D14+D13)/D5 -> 2.5 | E18: =(E14+E13)/E5 -> 0 | F18: =(F14+F13)/F5 -> 1.8 | G18: =(G14+G13)/G5 -> 1.5 | H18: =(H14+H13)/H5 -> 1.2857143 | I18: =(I14+I13)/I5 -> 1.6666667 | J18: =(J14+J13)/J5 -> 0.75 | ... M18: =(M14+M13)/M5 -> #DIV/0!
B19: KS | C19: 1 | D19: 1 | E19: 1 | F19: 2 | G19: 4 | H19: 2 | I19: 4 | J19: 0 | K19: 0 | L19: 0 | M19: 0
B20: KL | C20: 0 | D20: 0 | E20: 0 | F20: 0 | G20: 1 | H20: 2 | I20: 2 | J20: 2 | K20: 0 | L20: 0 | M20: 0
B21: K/7 | C21: =((C19+C20)/C5)*7 -> 7 | D21: =((D19+D20)/D5)*7 -> 3.5 | E21: =((E19+E20)/E5)*7 -> 4.2 | F21: =((F19+F20)/F5)*7 -> 8.4 | G21: =((G19+G20)/G5)*7 -> 17.5 | H21: =((H19+H20)/H5)*7 -> 12 | I21: =((I19+I20)/I5)*7 -> 14 | J21: =((J19+J20)/J5)*7 -> 10.5 | ... M21: =((M19+M20)/M5)*7 -> #DIV/0!
B22: K% | C22: =(C19+C20)/C12 -> 0.25 | D22: =(D19+D20)/D12 -> 0.090909091 | E22: =(E19+E20)/E12 -> 0.2 | F22: =(F19+F20)/F12 -> 0.25 | G22: =(G19+G20)/G12 -> 0.55555556 | H22: =(H19+H20)/H12 -> 0.4 | I22: =(I19+I20)/I12 -> 0.4 | J22: =(J19+J20)/J12 -> 0.4 | ... M22: =(M19+M20)/M12 -> #DIV/0!
B23: K/BB | C23: =(C19+C20)/C14 -> 1 | D23: =(D19+D20)/D14 -> 0.2 | E23: =(E19+E20)/E14 -> #DIV/0! | F23: =(F19+F20)/F14 -> 2 | G23: =(G19+G20)/G14 -> 5 | H23: =(H19+H20)/H14 -> 2 | I23: =(I19+I20)/I14 -> 6 | J23: =(J19+J20)/J14 -> #DIV/0! | ... M23: =(M19+M20)/M14 -> #DIV/0!
B24: K%-BB% | C24: =C22-C15 -> 0 | D24: =D22-D15 -> -0.36363636 | E24: =E22-E15 -> 0.2 | F24: =F22-F15 -> 0.125 | G24: =G22-G15 -> 0.44444444 | H24: =H22-H15 -> 0.2 | I24: =I22-I15 -> 0.33333333 | J24: =J22-J15 -> 0.4 | ... M24: =M22-M15 -> #DIV/0!
B25: BAA | C25: =C13/(C12-C14-C17) -> 0.33333333 | D25: =D13/(D12-D14-D17) -> 0 | E25: =E13/(E12-E14-E17) -> 0 | F25: =F13/(F12-F14-F17) -> 0.28571429 | G25: =G13/(G12-G14-G17) -> 0.25 | H25: =H13/(H12-H14-H17) -> 0.125 | I25: =I13/(I12-I14-I17) -> 0.28571429 | J25: =J13/(J12-J14-J17) -> 0.2 | ... M25: =M13/(M12-M14-M17) -> #DIV/0!
A26: Efficiency | B26: FPS | C26: 1 | D26: 6 | E26: 2 | F26: 3 | G26: 8 | H26: 5 | I26: 10 | J26: 1 | K26: 0 | L26: 0 | M26: 0
B27: FPS% | C27: =C26/C12 -> 0.25 | D27: =D26/D12 -> 0.54545455 | E27: =E26/E12 -> 0.4 | F27: =F26/F12 -> 0.375 | G27: =G26/G12 -> 0.88888889 | H27: =H26/H12 -> 0.5 | I27: =I26/I12 -> 0.66666667 | J27: =J26/J12 -> 0.2 | ... M27: =M26/M12 -> #DIV/0!
B28: 2/3K | C28: 2 | D28: 5 | E28: 1 | F28: 2 | G28: 5 | H28: 6 | I28: 9 | J28: 2 | K28: 0 | L28: 0 | M28: 0
B29: 2/3K% | C29: =C28/C12 -> 0.5 | D29: =D28/D12 -> 0.45454545 | E29: =E28/E12 -> 0.2 | F29: =F28/F12 -> 0.25 | G29: =G28/G12 -> 0.55555556 | H29: =H28/H12 -> 0.6 | I29: =I28/I12 -> 0.6 | J29: =J28/J12 -> 0.4 | ... M29: =M28/M12 -> #DIV/0!
B30: <3P | C30: 0 | D30: 4 | E30: 0 | F30: 4 | G30: 5 | H30: 3 | I30: 8 | J30: 2 | K30: 0 | L30: 0 | M30: 0
B31: <3P% | C31: =C30/C12 -> 0 | D31: =D30/D12 -> 0.36363636 | E31: =E30/E12 -> 0 | F31: =F30/F12 -> 0.5 | G31: =G30/G12 -> 0.55555556 | H31: =H30/H12 -> 0.3 | I31: =I30/I12 -> 0.53333333 | J31: =J30/J12 -> 0.4 | ... M31: =M30/M12 -> #DIV/0!
B32: 3BC | C32: 1 | D32: 5 | E32: 1 | F32: 3 | G32: 1 | H32: 4 | I32: 1 | J32: 1 | K32: 0 | L32: 0 | M32: 0
B33: 3BC% | C33: =C32/C12 -> 0.25 | D33: =D32/D12 -> 0.45454545 | E33: =E32/E12 -> 0.2 | F33: =F32/F12 -> 0.375 | G33: =G32/G12 -> 0.11111111 | H33: =H32/H12 -> 0.4 | I33: =I32/I12 -> 0.066666667 | J33: =J32/J12 -> 0.2 | ... M33: =M32/M12 -> #DIV/0!
A34: Usages/Strike Percentages | B34: TFB | C34: 12 | D34: 36 | E34: 12 | F34: 18 | G34: 17 | H34: 23 | I34: 27 | J34: 11 | K34: 0 | L34: 0 | M34: 0
B35: FBK | C35: 7 | D35: 22 | E35: 8 | F35: 9 | G35: 11 | H35: 13 | I35: 18 | J35: 9 | K35: 0 | L35: 0 | M35: 0
B36: FB% | C36: =C34/C6 -> 0.52173913 | D36: =D34/D6 -> 0.69230769 | E36: =E34/E6 -> 0.46153846 | F36: =F34/F6 -> 0.51428571 | G36: =G34/G6 -> 0.5862069 | H36: =H34/H6 -> 0.5 | I36: =I34/I6 -> 0.46551724 | J36: =J34/J6 -> 0.57894737 | ... M36: =M34/M6 -> #DIV/0!
B37: FBK% | C37: =C35/C34 -> 0.58333333 | D37: =D35/D34 -> 0.61111111 | E37: =E35/E34 -> 0.66666667 | F37: =F35/F34 -> 0.5 | G37: =G35/G34 -> 0.64705882 | H37: =H35/H34 -> 0.56521739 | I37: =I35/I34 -> 0.66666667 | J37: =J35/J34 -> 0.81818182 | ... M37: =M35/M34 -> #DIV/0!
B38: TCB | C38: 0 | D38: 0 | E38: 0 | F38: 0 | G38: 0 | H38: 0 | I38: 0 | J38: 0 | K38: 0 | L38: 0 | M38: 0
B39: CBK | C39: 0 | D39: 0 | E39: 0 | F39: 0 | G39: 0 | H39: 0 | I39: 0 | J39: 0 | K39: 0 | L39: 0 | M39: 0
B40: CB% | C40: =C38/C6 -> 0 | D40: =D38/D6 -> 0 | E40: =E38/E6 -> 0 | F40: =F38/F6 -> 0 | G40: =G38/G6 -> 0 | H40: =H38/H6 -> 0 | I40: =I38/I6 -> 0 | J40: =J38/J6 -> 0 | ... M40: =M38/M6 -> #DIV/0!
B41: CBK% | C41: =C39/C38 -> #DIV/0! | D41: =D39/D38 -> #DIV/0! | E41: =E39/E38 -> #DIV/0! | F41: =F39/F38 -> #DIV/0! | G41: =G39/G38 -> #DIV/0! | H41: =H39/H38 -> #DIV/0! | I41: =I39/I38 -> #DIV/0! | J41: =J39/J38 -> #DIV/0! | ... M41: =M39/M38 -> #DIV/0!
B42: TCH | C42: 3 | D42: 2 | E42: 4 | F42: 6 | G42: 2 | H42: 5 | I42: 16 | J42: 3 | K42: 0 | L42: 0 | M42: 0
B43: CHK | C43: 2 | D43: 1 | E43: 2 | F43: 4 | G43: 1 | H43: 3 | I43: 12 | J43: 1 | K43: 0 | L43: 0 | M43: 0
B44: CH% | C44: =C42/C6 -> 0.13043478 | D44: =D42/D6 -> 0.038461538 | E44: =E42/E6 -> 0.15384615 | F44: =F42/F6 -> 0.17142857 | G44: =G42/G6 -> 0.068965517 | H44: =H42/H6 -> 0.10869565 | I44: =I42/I6 -> 0.27586207 | J44: =J42/J6 -> 0.15789474 | ... M44: =M42/M6 -> #DIV/0!
B45: CHK% | C45: =C43/C42 -> 0.66666667 | D45: =D43/D42 -> 0.5 | E45: =E43/E42 -> 0.5 | F45: =F43/F42 -> 0.66666667 | G45: =G43/G42 -> 0.5 | H45: =H43/H42 -> 0.6 | I45: =I43/I42 -> 0.75 | J45: =J43/J42 -> 0.33333333 | ... M45: =M43/M42 -> #DIV/0!
B46: TSL | C46: 8 | D46: 14 | E46: 10 | F46: 11 | G46: 10 | H46: 18 | I46: 15 | J46: 5 | K46: 0 | L46: 0 | M46: 0
B47: SLK | C47: 5 | D47: 5 | E47: 5 | F47: 7 | G47: 7 | H47: 9 | I47: 9 | J47: 1 | K47: 0 | L47: 0 | M47: 0
B48: SL% | C48: =C46/C6 -> 0.34782609 | D48: =D46/D6 -> 0.26923077 | E48: =E46/E6 -> 0.38461538 | F48: =F46/F6 -> 0.31428571 | G48: =G46/G6 -> 0.34482759 | H48: =H46/H6 -> 0.39130435 | I48: =I46/I6 -> 0.25862069 | J48: =J46/J6 -> 0.26315789 | ... M48: =M46/M6 -> #DIV/0!
B49: SLK% | C49: =C47/C46 -> 0.625 | D49: =D47/D46 -> 0.35714286 | E49: =E47/E46 -> 0.5 | F49: =F47/F46 -> 0.63636364 | G49: =G47/G46 -> 0.7 | H49: =H47/H46 -> 0.5 | I49: =I47/I46 -> 0.6 | J49: =J47/J46 -> 0.2 | ... M49: =M47/M46 -> #DIV/0!
A50: Swing/Miss Percentages | B50: TFB SW | C50: 6 | D50: 19 | E50: 8 | F50: 7 | G50: 9 | H50: 10 | I50: 13 | J50: 5 | K50: 0 | L50: 0 | M50: 0
B51: FB SW/M | C51: 2 | D51: 4 | E51: 1 | F51: 3 | G51: 3 | H51: 3 | I51: 2 | J51: 0 | K51: 0 | L51: 0 | M51: 0
B52: FB SW/M% | C52: =C51/C50 -> 0.33333333 | D52: =D51/D50 -> 0.21052632 | E52: =E51/E50 -> 0.125 | F52: =F51/F50 -> 0.42857143 | G52: =G51/G50 -> 0.33333333 | H52: =H51/H50 -> 0.3 | I52: =I51/I50 -> 0.15384615 | J52: =J51/J50 -> 0 | ... M52: =M51/M50 -> #DIV/0!
B53: TCB SW | C53: 0 | D53: 0 | E53: 0 | F53: 0 | G53: 0 | H53: 0 | I53: 0 | J53: 0 | K53: 0 | L53: 0 | M53: 0
B54: CB SW/M | C54: 0 | D54: 0 | E54: 0 | F54: 0 | G54: 0 | H54: 0 | I54: 0 | J54: 0 | K54: 0 | L54: 0 | M54: 0
B55: CB SW/M% | C55: =C54/C53 -> #DIV/0! | D55: =D54/D53 -> #DIV/0! | E55: =E54/E53 -> #DIV/0! | F55: =F54/F53 -> #DIV/0! | G55: =G54/G53 -> #DIV/0! | H55: =H54/H53 -> #DIV/0! | I55: =I54/I53 -> #DIV/0! | J55: =J54/J53 -> #DIV/0! | ... M55: =M54/M53 -> #DIV/0!
B56: TCH SW | C56: 2 | D56: 0 | E56: 2 | F56: 4 | G56: 1 | H56: 3 | I56: 11 | J56: 1 | K56: 0 | L56: 0 | M56: 0
B57: CH SW/M | C57: 0 | D57: 0 | E57: 1 | F57: 0 | G57: 0 | H57: 1 | I57: 6 | J57: 0 | K57: 0 | L57: 0 | M57: 0
B58: CH SW/M% | C58: =C57/C56 -> 0 | D58: =D57/D56 -> #DIV/0! | E58: =E57/E56 -> 0.5 | F58: =F57/F56 -> 0 | G58: =G57/G56 -> 0 | H58: =H57/H56 -> 0.33333333 | I58: =I57/I56 -> 0.54545455 | J58: =J57/J56 -> 0 | ... M58: =M57/M56 -> #DIV/0!
B59: TSL SW | C59: 3 | D59: 3 | E59: 4 | F59: 7 | G59: 3 | H59: 5 | I59: 7 | J59: 0 | K59: 0 | L59: 0 | M59: 0
B60: SL SW/M | C60: 2 | D60: 2 | E60: 1 | F60: 4 | G60: 3 | H60: 2 | I60: 4 | J60: 0 | K60: 0 | L60: 0 | M60: 0
B61: SL SW/M% | C61: =C60/C59 -> 0.66666667 | D61: =D60/D59 -> 0.66666667 | E61: =E60/E59 -> 0.25 | F61: =F60/F59 -> 0.57142857 | G61: =G60/G59 -> 1 | H61: =H60/H59 -> 0.4 | I61: =I60/I59 -> 0.57142857 | J61: =J60/J59 -> #DIV/0! | ... M61: =M60/M59 -> #DIV/0!
A62: Metrics | B62: Avg FB Velo | C62: =AVERAGEIFS($F$86:$F$404,$B$86:$B$404,C$3,$E$86:$E$404,"FB") -> 85.942511 | D62: =AVERAGEIFS($F$86:$F$404,$B$86:$B$404,D$3,$E$86:$E$404,"FB") -> 85.1194 | E62: =AVERAGEIFS($F$86:$F$404,$B$86:$B$404,E$3,$E$86:$E$404,"FB") -> 84.624472 | F62: =AVERAGEIFS($F$86:$F$404,$B$86:$B$404,F$3,$E$86:$E$404,"FB") -> 83.903699 | G62: =AVERAGEIFS($F$86:$F$404,$B$86:$B$404,G$3,$E$86:$E$404,"FB") -> 84.894433 | H62: =AVERAGEIFS($F$86:$F$404,$B$86:$B$404,H$3,$E$86:$E$404,"FB") -> 86.188998 | I62: =AVERAGEIFS($F$86:$F$404,$B$86:$B$404,I$3,$E$86:$E$404,"FB") -> 85.204992 | J62: =AVERAGEIFS($F$86:$F$404,$B$86:$B$404,J$3,$E$86:$E$404,"FB") -> 88.147562 | K62: =AVERAGEIFS(F86:F404, E86:E404,"FB") -> 85.292689
B63: Min FB Velo | C63: =_xlfn.MINIFS($F$86:$F$404,$B$86:$B$404,C$3,$E$86:$E$404,"FB") -> 84.481556 | D63: =_xlfn.MINIFS($F$86:$F$404,$B$86:$B$404,D$3,$E$86:$E$404,"FB") -> 82.750632 | E63: =_xlfn.MINIFS($F$86:$F$404,$B$86:$B$404,E$3,$E$86:$E$404,"FB") -> 82.893555 | F63: =_xlfn.MINIFS($F$86:$F$404,$B$86:$B$404,F$3,$E$86:$E$404,"FB") -> 81.861358 | G63: =_xlfn.MINIFS($F$86:$F$404,$B$86:$B$404,G$3,$E$86:$E$404,"FB") -> 81.988393 | H63: =_xlfn.MINIFS($F$86:$F$404,$B$86:$B$404,H$3,$E$86:$E$404,"FB") -> 83.385838 | I63: =_xlfn.MINIFS($F$86:$F$404,$B$86:$B$404,I$3,$E$86:$E$404,"FB") -> 81.028242 | J63: =_xlfn.MINIFS($F$86:$F$404,$B$86:$B$404,J$3,$E$86:$E$404,"FB") -> 86.355394 | K63: =_xlfn.MINIFS(F86:F404, E86:E404,"FB") -> 81.028242
B64: Max FB Velo | C64: =_xlfn.MAXIFS($F$86:$F$404,$B$86:$B$404,C$3,$E$86:$E$404,"FB") -> 87.212916 | D64: =_xlfn.MAXIFS($F$86:$F$404,$B$86:$B$404,D$3,$E$86:$E$404,"FB") -> 87.784591 | E64: =_xlfn.MAXIFS($F$86:$F$404,$B$86:$B$404,E$3,$E$86:$E$404,"FB") -> 88.991472 | F64: =_xlfn.MAXIFS($F$86:$F$404,$B$86:$B$404,F$3,$E$86:$E$404,"FB") -> 87.085873 | G64: =_xlfn.MAXIFS($F$86:$F$404,$B$86:$B$404,G$3,$E$86:$E$404,"FB") -> 88.721515 | H64: =_xlfn.MAXIFS($F$86:$F$404,$B$86:$B$404,H$3,$E$86:$E$404,"FB") -> 89.833113 | I64: =_xlfn.MAXIFS($F$86:$F$404,$B$86:$B$404,I$3,$E$86:$E$404,"FB") -> 90.052563 | J64: =_xlfn.MAXIFS($F$86:$F$404,$B$86:$B$404,J$3,$E$86:$E$404,"FB") -> 89.944268 | K64: =_xlfn.MAXIFS(F86:F404, E86:E404,"FB") -> 90.052563
B65: Avg FB RPM | C65: =AVERAGEIFS($G$86:$G$404,$B$86:$B$404,C$3,$E$86:$E$404,"FB") -> 2072.251 | D65: =AVERAGEIFS($G$86:$G$404,$B$86:$B$404,D$3,$E$86:$E$404,"FB") -> 1894.7595 | E65: =AVERAGEIFS($G$86:$G$404,$B$86:$B$404,E$3,$E$86:$E$404,"FB") -> 1879.3717 | F65: =AVERAGEIFS($G$86:$G$404,$B$86:$B$404,F$3,$E$86:$E$404,"FB") -> 1983.8139 | G65: =AVERAGEIFS($G$86:$G$404,$B$86:$B$404,G$3,$E$86:$E$404,"FB") -> 1934.6258 | H65: =AVERAGEIFS($G$86:$G$404,$B$86:$B$404,H$3,$E$86:$E$404,"FB") -> 1864.2306 | I65: =AVERAGEIFS($G$86:$G$404,$B$86:$B$404,I$3,$E$86:$E$404,"FB") -> 1937.6971 | J65: =AVERAGEIFS($G$86:$G$404,$B$86:$B$404,J$3,$E$86:$E$404,"FB") -> 1959.4222 | K65: =AVERAGEIFS(G86:G404, E86:E404,"FB") -> 1928.5473
B66: Avg SL Velo | C66: =AVERAGEIFS($F$86:$F$404,$B$86:$B$404,C$3,$E$86:$E$404,"SL") -> 73.75859 | D66: =AVERAGEIFS($F$86:$F$404,$B$86:$B$404,D$3,$E$86:$E$404,"SL") -> 75.357365 | E66: =AVERAGEIFS($F$86:$F$404,$B$86:$B$404,E$3,$E$86:$E$404,"SL") -> 72.916156 | F66: =AVERAGEIFS($F$86:$F$404,$B$86:$B$404,F$3,$E$86:$E$404,"SL") -> 72.064844 | G66: =AVERAGEIFS($F$86:$F$404,$B$86:$B$404,G$3,$E$86:$E$404,"SL") -> 73.456077 | H66: =AVERAGEIFS($F$86:$F$404,$B$86:$B$404,H$3,$E$86:$E$404,"SL") -> 75.277334 | I66: =AVERAGEIFS($F$86:$F$404,$B$86:$B$404,I$3,$E$86:$E$404,"SL") -> 72.853393 | J66: =AVERAGEIFS($F$86:$F$404,$B$86:$B$404,J$3,$E$86:$E$404,"SL") -> 76.640014 | K66: =AVERAGEIFS(F86:F404, E86:E404,"SL") -> 73.983521
B67: Min SL Velo | C67: =_xlfn.MINIFS($F$86:$F$404,$B$86:$B$404,C$3,$E$86:$E$404,"SL") -> 72.095158 | D67: =_xlfn.MINIFS($F$86:$F$404,$B$86:$B$404,D$3,$E$86:$E$404,"SL") -> 72.031636 | E67: =_xlfn.MINIFS($F$86:$F$404,$B$86:$B$404,E$3,$E$86:$E$404,"SL") -> 69.983123 | F67: =_xlfn.MINIFS($F$86:$F$404,$B$86:$B$404,F$3,$E$86:$E$404,"SL") -> 68.919161 | G67: =_xlfn.MINIFS($F$86:$F$404,$B$86:$B$404,G$3,$E$86:$E$404,"SL") -> 69.363802 | H67: =_xlfn.MINIFS($F$86:$F$404,$B$86:$B$404,H$3,$E$86:$E$404,"SL") -> 72.365124 | I67: =_xlfn.MINIFS($F$86:$F$404,$B$86:$B$404,I$3,$E$86:$E$404,"SL") -> 68.635687 | J67: =_xlfn.MINIFS($F$86:$F$404,$B$86:$B$404,J$3,$E$86:$E$404,"SL") -> 75.33468 | K67: =_xlfn.MINIFS(F86:F404, E86:E404,"SL") -> 68.635687
B68: Max SL Velo | C68: =_xlfn.MAXIFS($F$86:$F$404,$B$86:$B$404,C$3,$E$86:$E$404,"SL") -> 79.145879 | D68: =_xlfn.MAXIFS($F$86:$F$404,$B$86:$B$404,D$3,$E$86:$E$404,"SL") -> 79.59052 | E68: =_xlfn.MAXIFS($F$86:$F$404,$B$86:$B$404,E$3,$E$86:$E$404,"SL") -> 76.144561 | F68: =_xlfn.MAXIFS($F$86:$F$404,$B$86:$B$404,F$3,$E$86:$E$404,"SL") -> 74.93768 | G68: =_xlfn.MAXIFS($F$86:$F$404,$B$86:$B$404,G$3,$E$86:$E$404,"SL") -> 76.414518 | H68: =_xlfn.MAXIFS($F$86:$F$404,$B$86:$B$404,H$3,$E$86:$E$404,"SL") -> 78.193075 | I68: =_xlfn.MAXIFS($F$86:$F$404,$B$86:$B$404,I$3,$E$86:$E$404,"SL") -> 77.024491 | J68: =_xlfn.MAXIFS($F$86:$F$404,$B$86:$B$404,J$3,$E$86:$E$404,"SL") -> 77.605519 | K68: =_xlfn.MAXIFS(F86:F404, E86:E404,"SL") -> 79.59052
B69: Avg SL RPM | C69: =AVERAGEIFS($G$86:$G$404,$B$86:$B$404,C$3,$E$86:$E$404,"SL") -> 2111.6192 | D69: =AVERAGEIFS($G$86:$G$404,$B$86:$B$404,D$3,$E$86:$E$404,"SL") -> 1821.8909 | E69: =AVERAGEIFS($G$86:$G$404,$B$86:$B$404,E$3,$E$86:$E$404,"SL") -> 1981.3641 | F69: =AVERAGEIFS($G$86:$G$404,$B$86:$B$404,F$3,$E$86:$E$404,"SL") -> 1885.3413 | G69: =AVERAGEIFS($G$86:$G$404,$B$86:$B$404,G$3,$E$86:$E$404,"SL") -> 2025.5367 | H69: =AVERAGEIFS($G$86:$G$404,$B$86:$B$404,H$3,$E$86:$E$404,"SL") -> 2096.7175 | I69: =AVERAGEIFS($G$86:$G$404,$B$86:$B$404,I$3,$E$86:$E$404,"SL") -> 2039.094 | J69: =AVERAGEIFS($G$86:$G$404,$B$86:$B$404,J$3,$E$86:$E$404,"SL") -> 1972.8008 | K69: =AVERAGEIFS(G86:G404, E86:E404,"SL") -> 1993.3903
B70: Avg CT Velo | C70: =AVERAGEIFS($F$86:$F$404,$B$86:$B$404,C$3,$E$86:$E$404,"CT") -> #DIV/0! | D70: =AVERAGEIFS($F$86:$F$404,$B$86:$B$404,D$3,$E$86:$E$404,"CT") -> #DIV/0! | E70: =AVERAGEIFS($F$86:$F$404,$B$86:$B$404,E$3,$E$86:$E$404,"CT") -> #DIV/0! | F70: =AVERAGEIFS($F$86:$F$404,$B$86:$B$404,F$3,$E$86:$E$404,"CT") -> #DIV/0! | G70: =AVERAGEIFS($F$86:$F$404,$B$86:$B$404,G$3,$E$86:$E$404,"CT") -> #DIV/0! | H70: =AVERAGEIFS($F$86:$F$404,$B$86:$B$404,H$3,$E$86:$E$404,"CT") -> #DIV/0! | I70: =AVERAGEIFS($F$86:$F$404,$B$86:$B$404,I$3,$E$86:$E$404,"CT") -> #DIV/0! | J70: =AVERAGEIFS($F$86:$F$404,$B$86:$B$404,J$3,$E$86:$E$404,"CT") -> #DIV/0! | K70: =AVERAGEIFS(F86:F404, E86:E404,"CT") -> #DIV/0!
B71: Min CT Velo | C71: =_xlfn.MINIFS($F$86:$F$404,$B$86:$B$404,C$3,$E$86:$E$404,"CT") -> 0 | D71: =_xlfn.MINIFS($F$86:$F$404,$B$86:$B$404,D$3,$E$86:$E$404,"CT") -> 0 | E71: =_xlfn.MINIFS($F$86:$F$404,$B$86:$B$404,E$3,$E$86:$E$404,"CT") -> 0 | F71: =_xlfn.MINIFS($F$86:$F$404,$B$86:$B$404,F$3,$E$86:$E$404,"CT") -> 0 | G71: =_xlfn.MINIFS($F$86:$F$404,$B$86:$B$404,G$3,$E$86:$E$404,"CT") -> 0 | H71: =_xlfn.MINIFS($F$86:$F$404,$B$86:$B$404,H$3,$E$86:$E$404,"CT") -> 0 | I71: =_xlfn.MINIFS($F$86:$F$404,$B$86:$B$404,I$3,$E$86:$E$404,"CT") -> 0 | J71: =_xlfn.MINIFS($F$86:$F$404,$B$86:$B$404,J$3,$E$86:$E$404,"CT") -> 0 | K71: =_xlfn.MINIFS(F86:F404, E86:E404,"CT") -> 0
B72: Max CT Velo | C72: =_xlfn.MAXIFS($F$86:$F$404,$B$86:$B$404,C$3,$E$86:$E$404,"CT") -> 0 | D72: =_xlfn.MAXIFS($F$86:$F$404,$B$86:$B$404,D$3,$E$86:$E$404,"CT") -> 0 | E72: =_xlfn.MAXIFS($F$86:$F$404,$B$86:$B$404,E$3,$E$86:$E$404,"CT") -> 0 | F72: =_xlfn.MAXIFS($F$86:$F$404,$B$86:$B$404,F$3,$E$86:$E$404,"CT") -> 0 | G72: =_xlfn.MAXIFS($F$86:$F$404,$B$86:$B$404,G$3,$E$86:$E$404,"CT") -> 0 | H72: =_xlfn.MAXIFS($F$86:$F$404,$B$86:$B$404,H$3,$E$86:$E$404,"CT") -> 0 | I72: =_xlfn.MAXIFS($F$86:$F$404,$B$86:$B$404,I$3,$E$86:$E$404,"CT") -> 0 | J72: =_xlfn.MAXIFS($F$86:$F$404,$B$86:$B$404,J$3,$E$86:$E$404,"CT") -> 0 | K72: =_xlfn.MAXIFS(F86:F404, E86:E404,"CT") -> 0
B73: Avg CT RPM | C73: =AVERAGEIFS($G$86:$G$404,$B$86:$B$404,C$3,$E$86:$E$404,"CT") -> #DIV/0! | D73: =AVERAGEIFS($G$86:$G$404,$B$86:$B$404,D$3,$E$86:$E$404,"CT") -> #DIV/0! | E73: =AVERAGEIFS($G$86:$G$404,$B$86:$B$404,E$3,$E$86:$E$404,"CT") -> #DIV/0! | F73: =AVERAGEIFS($G$86:$G$404,$B$86:$B$404,F$3,$E$86:$E$404,"CT") -> #DIV/0! | G73: =AVERAGEIFS($G$86:$G$404,$B$86:$B$404,G$3,$E$86:$E$404,"CT") -> #DIV/0! | H73: =AVERAGEIFS($G$86:$G$404,$B$86:$B$404,H$3,$E$86:$E$404,"CT") -> #DIV/0! | I73: =AVERAGEIFS($G$86:$G$404,$B$86:$B$404,I$3,$E$86:$E$404,"CT") -> #DIV/0! | J73: =AVERAGEIFS($G$86:$G$404,$B$86:$B$404,J$3,$E$86:$E$404,"CT") -> #DIV/0! | K73: =AVERAGEIFS(G86:G404, E86:E404,"CT") -> #DIV/0!
B74: Avg CH Velo | C74: =AVERAGEIFS($F$86:$F$404,$B$86:$B$404,C$3,$E$86:$E$404,"CH") -> 75.562293 | D74: =AVERAGEIFS($F$86:$F$404,$B$86:$B$404,D$3,$E$86:$E$404,"CH") -> 74.794757 | E74: =AVERAGEIFS($F$86:$F$404,$B$86:$B$404,E$3,$E$86:$E$404,"CH") -> 72.710509 | F74: =AVERAGEIFS($F$86:$F$404,$B$86:$B$404,F$3,$E$86:$E$404,"CH") -> 72.425993 | G74: =AVERAGEIFS($F$86:$F$404,$B$86:$B$404,G$3,$E$86:$E$404,"CH") -> 72.817701 | H74: =AVERAGEIFS($F$86:$F$404,$B$86:$B$404,H$3,$E$86:$E$404,"CH") -> 73.92771 | I74: =AVERAGEIFS($F$86:$F$404,$B$86:$B$404,I$3,$E$86:$E$404,"CH") -> 73.643352 | J74: =AVERAGEIFS($F$86:$F$404,$B$86:$B$404,J$3,$E$86:$E$404,"CH") -> 77.102653 | K74: =AVERAGEIFS(F86:F404, E86:E404,"CH") -> 73.818291
B75: Min CH Velo | C75: =_xlfn.MINIFS($F$86:$F$404,$B$86:$B$404,C$3,$E$86:$E$404,"CH") -> 74.207201 | D75: =_xlfn.MINIFS($F$86:$F$404,$B$86:$B$404,D$3,$E$86:$E$404,"CH") -> 73.556116 | E75: =_xlfn.MINIFS($F$86:$F$404,$B$86:$B$404,E$3,$E$86:$E$404,"CH") -> 72.031636 | F75: =_xlfn.MINIFS($F$86:$F$404,$B$86:$B$404,F$3,$E$86:$E$404,"CH") -> 70.507161 | G75: =_xlfn.MINIFS($F$86:$F$404,$B$86:$B$404,G$3,$E$86:$E$404,"CH") -> 70.681841 | H75: =_xlfn.MINIFS($F$86:$F$404,$B$86:$B$404,H$3,$E$86:$E$404,"CH") -> 71.189999 | I75: =_xlfn.MINIFS($F$86:$F$404,$B$86:$B$404,I$3,$E$86:$E$404,"CH") -> 72.448783 | J75: =_xlfn.MINIFS($F$86:$F$404,$B$86:$B$404,J$3,$E$86:$E$404,"CH") -> 76.192202 | K75: =_xlfn.MINIFS(F86:F404, E86:E404,"CH") -> 70.507161
B76: Max CH Velo | C76: =_xlfn.MAXIFS($F$86:$F$404,$B$86:$B$404,C$3,$E$86:$E$404,"CH") -> 76.46216 | D76: =_xlfn.MAXIFS($F$86:$F$404,$B$86:$B$404,D$3,$E$86:$E$404,"CH") -> 76.033399 | E76: =_xlfn.MAXIFS($F$86:$F$404,$B$86:$B$404,E$3,$E$86:$E$404,"CH") -> 74.06428 | F76: =_xlfn.MAXIFS($F$86:$F$404,$B$86:$B$404,F$3,$E$86:$E$404,"CH") -> 74.55656 | G76: =_xlfn.MAXIFS($F$86:$F$404,$B$86:$B$404,G$3,$E$86:$E$404,"CH") -> 74.953561 | H76: =_xlfn.MAXIFS($F$86:$F$404,$B$86:$B$404,H$3,$E$86:$E$404,"CH") -> 76.017518 | I76: =_xlfn.MAXIFS($F$86:$F$404,$B$86:$B$404,I$3,$E$86:$E$404,"CH") -> 76.452526 | J76: =_xlfn.MAXIFS($F$86:$F$404,$B$86:$B$404,J$3,$E$86:$E$404,"CH") -> 77.875476 | K76: =_xlfn.MAXIFS(F86:F404, E86:E404,"CH") -> 77.875476
B77: Avg CH RPM | C77: =AVERAGEIFS($G$86:$G$404,$B$86:$B$404,C$3,$E$86:$E$404,"CH") -> 1785.367 | D77: =AVERAGEIFS($G$86:$G$404,$B$86:$B$404,D$3,$E$86:$E$404,"CH") -> 1667.4731 | E77: =AVERAGEIFS($G$86:$G$404,$B$86:$B$404,E$3,$E$86:$E$404,"CH") -> 1779.5671 | F77: =AVERAGEIFS($G$86:$G$404,$B$86:$B$404,F$3,$E$86:$E$404,"CH") -> 1699.6967 | G77: =AVERAGEIFS($G$86:$G$404,$B$86:$B$404,G$3,$E$86:$E$404,"CH") -> 1641.4445 | H77: =AVERAGEIFS($G$86:$G$404,$B$86:$B$404,H$3,$E$86:$E$404,"CH") -> 1452.1191 | I77: =AVERAGEIFS($G$86:$G$404,$B$86:$B$404,I$3,$E$86:$E$404,"CH") -> 1781.9982 | J77: =AVERAGEIFS($G$86:$G$404,$B$86:$B$404,J$3,$E$86:$E$404,"CH") -> 1750.3122 | K77: =AVERAGEIFS(G86:G404, E86:E404,"CH") -> 1714.9729
A78: Batted Ball | B78: Avg EV | C78: =AVERAGEIFS($K$86:$K$404,$B$86:$B$404,C$3) -> 87.573313 | D78: =AVERAGEIFS($K$86:$K$404,$B$86:$B$404,D$3) -> 71.95256 | E78: =AVERAGEIFS($K$86:$K$404,$B$86:$B$404,E$3) -> 73.542924 | F78: =AVERAGEIFS($K$86:$K$404,$B$86:$B$404,F$3) -> 83.28981 | G78: =AVERAGEIFS($K$86:$K$404,$B$86:$B$404,G$3) -> 75.146136 | H78: =AVERAGEIFS($K$86:$K$404,$B$86:$B$404,H$3) -> 80.537644 | I78: =AVERAGEIFS($K$86:$K$404,$B$86:$B$404,I$3) -> 79.261694 | J78: =AVERAGEIFS($K$86:$K$404,$B$86:$B$404,J$3) -> 71.171109 | K78: =AVERAGE(K86:K404) -> 77.464133
B79: Avg LA | C79: =AVERAGEIFS($L$86:$L$404,$B$86:$B$404,C$3) -> -6.343399 | D79: =AVERAGEIFS($L$86:$L$404,$B$86:$B$404,D$3) -> 0.6207186 | E79: =AVERAGEIFS($L$86:$L$404,$B$86:$B$404,E$3) -> 16.654836 | F79: =AVERAGEIFS($L$86:$L$404,$B$86:$B$404,F$3) -> 15.867182 | G79: =AVERAGEIFS($L$86:$L$404,$B$86:$B$404,G$3) -> 21.482971 | H79: =AVERAGEIFS($L$86:$L$404,$B$86:$B$404,H$3) -> 6.3304357 | I79: =AVERAGEIFS($L$86:$L$404,$B$86:$B$404,I$3) -> -1.3098701 | J79: =AVERAGEIFS($L$86:$L$404,$B$86:$B$404,J$3) -> 4.9450328 | K79: =AVERAGE(L86:L404) -> 5.7516436
B80: Avg Distance | C80: =AVERAGEIFS($O$86:$O$404,$B$86:$B$404,C$3) -> 245 | D80: =AVERAGEIFS($O$86:$O$404,$B$86:$B$404,D$3) -> 100.33333 | E80: =AVERAGEIFS($O$86:$O$404,$B$86:$B$404,E$3) -> 125.6 | F80: =AVERAGEIFS($O$86:$O$404,$B$86:$B$404,F$3) -> 155 | G80: =AVERAGEIFS($O$86:$O$404,$B$86:$B$404,G$3) -> 273.5 | H80: =AVERAGEIFS($O$86:$O$404,$B$86:$B$404,H$3) -> 108.2 | I80: =AVERAGEIFS($O$86:$O$404,$B$86:$B$404,I$3) -> 149.90909 | J80: =AVERAGEIFS($O$86:$O$404,$B$86:$B$404,J$3) -> 121.33333 | K80: =AVERAGE(O374:O404) -> #DIV/0!
B81: Avg SqU% | C81: =AVERAGEIFS($P$86:$P$404,$B$86:$B$404,C$3) -> 0.89963974 | D81: =AVERAGEIFS($P$86:$P$404,$B$86:$B$404,D$3) -> 0.70359082 | E81: =AVERAGEIFS($P$86:$P$404,$B$86:$B$404,E$3) -> 0.7655173 | F81: =AVERAGEIFS($P$86:$P$404,$B$86:$B$404,F$3) -> 0.89650312 | G81: =AVERAGEIFS($P$86:$P$404,$B$86:$B$404,G$3) -> 0.70206039 | H81: =AVERAGEIFS($P$86:$P$404,$B$86:$B$404,H$3) -> 0.7451674 | I81: =AVERAGEIFS($P$86:$P$404,$B$86:$B$404,I$3) -> 0.76503189 | J81: =AVERAGEIFS($P$86:$P$404,$B$86:$B$404,J$3) -> 0.69310414 | K81: =AVERAGE(P374:P404) -> #DIV/0!
B82: TSw/M% | C82: =(SUM(C51,C54,C57,C60)/(SUM(C50,C53,C56,C59))) -> 0.36363636 | D82: =(SUM(D51,D54,D57,D60)/(SUM(D50,D53,D56,D59))) -> 0.27272727 | E82: =(SUM(E51,E54,E57,E60)/(SUM(E50,E53,E56,E59))) -> 0.21428571 | F82: =(SUM(F51,F54,F57,F60)/(SUM(F50,F53,F56,F59))) -> 0.38888889 | G82: =(SUM(G51,G54,G57,G60)/(SUM(G50,G53,G56,G59))) -> 0.46153846 | H82: =(SUM(H51,H54,H57,H60)/(SUM(H50,H53,H56,H59))) -> 0.33333333 | I82: =(SUM(I51,I54,I57,I60)/(SUM(I50,I53,I56,I59))) -> 0.38709677 | J82: =(SUM(J51,J54,J57,J60)/(SUM(J50,J53,J56,J59))) -> 0 | K82: =(SUM(G51:J51)+SUM(G54:J54)+SUM(G57:J57)+SUM(G60:J60))/(SUM(G50:J50)+SUM(G53:J53)+SUM(G56:J56)+SUM(G59:J59)) -> 0.35294118
A85: PitchNo | B85: Date | C85: Time | D85: Pitcher | E85: Pitch Type | F85: Velocity | G85: SpinRate | H85: Ball/Strike | I85: Outcome | J85: Batter | K85: ExitSpeed | L85: Angle | M85: Direction | N85: BatSpeed | O85: Distance | P85: SquaredUp
A86: 150 | B86: 46193 | C86: 0.86547454 | D86: Sebastian Garcia | E86: FB | F86: 84.481556 | G86: 2026.0995 | H86: 0 | J86: Caleb Koontz | R86: CH | S86: 1 | T86: In Play
A87: 151 | B87: 46193 | C87: 0.8656713 | D87: Sebastian Garcia | E87: FB | F87: 84.98971 | G87: 2072.7766 | H87: 0 | J87: Caleb Koontz | R87: CH | S87: 0
A88: 152 | B88: 46193 | C88: 0.86586806 | D88: Sebastian Garcia | E88: FB | F88: 85.354949 | G88: 2070.1296 | H88: 1 | I88: Foul | J88: Caleb Koontz | N88: 62.879372 | R88: CH | S88: 1 | T88: In Play
A89: 153 | B89: 46193 | C89: 0.86631944 | D89: Sebastian Garcia | E89: FB | F89: 85.624915 | G89: 1917.0103 | H89: 1 | J89: Caleb Koontz | R89: FB | S89: 0
A90: 154 | B90: 46193 | C90: 0.86693287 | D90: Sebastian Garcia | E90: FB | F90: 86.006035 | G90: 1999.4038 | H90: 1 | I90: Foul | J90: Caleb Koontz | N90: 68.217656 | R90: FB | S90: 0
A91: 155 | B91: 46193 | C91: 0.86730324 | D91: Sebastian Garcia | E91: FB | F91: 84.783274 | G91: 2073.7188 | H91: 0 | J91: Reagan Samples | R91: FB | S91: 1 | T91: Foul
A92: 156 | B92: 46193 | C92: 0.86767361 | D92: Sebastian Garcia | E92: SL | F92: 73.047962 | G92: 2265.3325 | H92: 1 | I92: Foul | J92: Reagan Samples | N92: 61.109306 | R92: FB | S92: 1
A93: 157 | B93: 46193 | C93: 0.86804398 | D93: Sebastian Garcia | E93: SL | F93: 72.095158 | G93: 2234.3108 | H93: 0 | J93: Reagan Samples | R93: FB | S93: 1 | T93: Foul
A94: 158 | B94: 46193 | C94: 0.86841435 | D94: Sebastian Garcia | E94: SL | F94: 73.302039 | G94: 2280.4241 | H94: 1 | J94: Reagan Samples | R94: FB | S94: 0
A95: 159 | B95: 46193 | C95: 0.86864583 | D95: Sebastian Garcia | E95: FB | F95: 84.862676 | G95: 2113.7256 | H95: 1 | I95: K | J95: Reagan Samples | L95: -60.387367 | N95: 63.104142 | R95: FB | S95: 1 | T95: K
A96: 160 | B96: 46193 | C96: 0.86898148 | D96: Sebastian Garcia | E96: SL | F96: 73.794321 | G96: 2344.8794 | H96: 1 | I96: Yes | J96: Jackson Orr | N96: 62.542216 | R96: FB | S96: 1 | T96: Foul
A97: 161 | B97: 46193 | C97: 0.86934028 | D97: Sebastian Garcia | E97: SL | F97: 72.523919 | G97: 2193.898 | H97: 1 | I97: Yes | J97: Jackson Orr | N97: 64.171799 | R97: FB | S97: 1 | T97: Yes
A98: 162 | B98: 46193 | C98: 0.86962963 | D98: Sebastian Garcia | E98: FB | F98: 86.958831 | G98: 2053.2588 | H98: 1 | I98: Foul | J98: Jackson Orr | N98: 66.840939 | R98: FB | S98: 0
A99: 163 | B99: 46193 | C99: 0.87003472 | D99: Sebastian Garcia | E99: CH | F99: 76.46216 | G99: 1811.2419 | H99: 1 | I99: In Play | J99: Jackson Orr | K99: 83.928099 | L99: 26.885357 | M99: -16.736765 | N99: 66.391399 | O99: 273 | P99: 0.85784172 | R99: FB | S99: 0 | T99: BB
A100: 164 | B100: 46193 | C100: 0.87033565 | D100: Sebastian Garcia | E100: CH | F100: 76.017518 | G100: 1737.5221 | H100: 0 | J100: Jackson Orr | R100: FB | S100: 1 | T100: Foul
A101: 165 | B101: 46193 | C101: 0.87068287 | D101: Sebastian Garcia | E101: CH | F101: 74.207201 | G101: 1807.337 | H101: 1 | I101: In Play | J101: Jackson Orr | K101: 91.218527 | L101: 14.471813 | M101: 9.2985687 | N101: 66.082343 | O101: 217 | P101: 0.94143776 | R101: SL | S101: 1 | T101: Foul
A102: 166 | B102: 46193 | C102: 0.87200231 | D102: Sebastian Garcia | E102: SL | F102: 73.111483 | G102: 1108.8119 | H102: 0 | J102: Carter Walsh | R102: SL | S102: 0
...

Sheet Orr (P)
B1: Live AB Stats
B2: JACKSON ORR
B3: Date | C3: 46197 | D3: 46200 | E3: 46203 | F3: 46221 | G3: 46228
B4: Opponent | C4: Live AB | D4: Live BP | E4: Live AB | F4: Live AB | G4: Live AB
A5: General | B5: IP | C5: 1 | D5: 1.3333333 | E5: 2 | F5: =4/3 -> 1.3333333 | G5: 1 | H5: 0 | I5: 0 | J5: 0 | K5: 0 | L5: 0 | M5: 0
B6: TP | C6: 21 | D6: 26 | E6: 42 | F6: 44 | G6: 39 | H6: 0 | I6: 0 | J6: 0 | K6: 0 | L6: 0 | M6: 0
B7: B | C7: 9 | D7: 10 | E7: 21 | F7: 23 | G7: 22 | H7: 0 | I7: 0 | J7: 0 | K7: 0 | L7: 0 | M7: 0
B8: S | C8: 12 | D8: 16 | E8: 21 | F8: 18 | G8: 17 | H8: 0 | I8: 0 | J8: 0 | K8: 0 | L8: 0 | M8: 0
B9: K% | C9: =C8/C6 -> 0.57142857 | D9: =D8/D6 -> 0.61538462 | E9: =E8/E6 -> 0.5 | F9: =F8/F6 -> 0.40909091 | G9: =G8/G6 -> 0.43589744 | H9: =H8/H6 -> #DIV/0! | I9: =I8/I6 -> #DIV/0! | J9: =J8/J6 -> #DIV/0! | ... M9: =M8/M6 -> #DIV/0!
B10: P/IP | C10: =C6/C5 -> 21 | D10: =D6/D5 -> 19.5 | E10: =E6/E5 -> 21 | F10: =F6/F5 -> 33 | G10: =G6/G5 -> 39 | H10: =H6/H5 -> #DIV/0! | I10: =I6/I5 -> #DIV/0! | J10: =J6/J5 -> #DIV/0! | ... M10: =M6/M5 -> #DIV/0!
B11: P/PA | C11: =C6/C12 -> 4.2 | D11: =D6/D12 -> 5.2 | E11: =E6/E12 -> 3.8181818 | F11: =F6/F12 -> 5.5 | G11: =G6/G12 -> 5.5714286 | H11: =H6/H12 -> #DIV/0! | I11: =I6/I12 -> #DIV/0! | J11: =J6/J12 -> #DIV/0! | ... M11: =M6/M12 -> #DIV/0!
B12: BF | C12: 5 | D12: 5 | E12: 11 | F12: 8 | G12: 7 | H12: 0 | I12: 0 | J12: 0 | K12: 0 | L12: 0 | M12: 0
B13: H | C13: 2 | D13: 1 | E13: 3 | F13: 0 | G13: 1 | H13: 0 | I13: 0 | J13: 0 | K13: 0 | L13: 0 | M13: 0
B14: BB | C14: 0 | D14: 0 | E14: 2 | F14: 4 | G14: 4 | H14: 0 | I14: 0 | J14: 0 | K14: 0 | L14: 0 | M14: 0
B15: BB% | C15: =C14/C12 -> 0 | D15: =D14/D12 -> 0 | E15: =E14/E12 -> 0.18181818 | F15: =F14/F12 -> 0.5 | G15: =G14/G12 -> 0.57142857 | H15: =H14/H12 -> #DIV/0! | I15: =I14/I12 -> #DIV/0! | J15: =J14/J12 -> #DIV/0! | ... M15: =M14/M12 -> #DIV/0!
B16: BB/7 | C16: =(C14/C5)*7 -> 0 | D16: =(D14/D5)*7 -> 0 | E16: =(E14/E5)*7 -> 7 | F16: =(F14/F5)*7 -> 21 | G16: =(G14/G5)*7 -> 28 | H16: =(H14/H5)*7 -> #DIV/0! | I16: =(I14/I5)*7 -> #DIV/0! | J16: =(J14/J5)*7 -> #DIV/0! | ... M16: =(M14/M5)*7 -> #DIV/0!
B17: HBP | C17: 0 | D17: 0 | E17: 1 | F17: 0 | G17: 0 | H17: 0 | I17: 0 | J17: 0 | K17: 0 | L17: 0 | M17: 0
B18: WHIP | C18: =(C14+C13)/C5 -> 2 | D18: =(D14+D13)/D5 -> 0.75 | E18: =(E14+E13)/E5 -> 2.5 | F18: =(F14+F13)/F5 -> 3 | G18: =(G14+G13)/G5 -> 5 | H18: =(H14+H13)/H5 -> #DIV/0! | I18: =(I14+I13)/I5 -> #DIV/0! | J18: =(J14+J13)/J5 -> #DIV/0! | ... M18: =(M14+M13)/M5 -> #DIV/0!
B19: KS | C19: 1 | D19: 1 | E19: 3 | F19: 1 | G19: 0 | H19: 0 | I19: 0 | J19: 0 | K19: 0 | L19: 0 | M19: 0
B20: KL | C20: 0 | D20: 1 | E20: 1 | F20: 1 | G20: 1 | H20: 0 | I20: 0 | J20: 0 | K20: 0 | L20: 0 | M20: 0
B21: K/7 | C21: =((C19+C20)/C5)*7 -> 7 | D21: =((D19+D20)/D5)*7 -> 10.5 | E21: =((E19+E20)/E5)*7 -> 14 | F21: =((F19+F20)/F5)*7 -> 10.5 | G21: =((G19+G20)/G5)*7 -> 7 | H21: =((H19+H20)/H5)*7 -> #DIV/0! | I21: =((I19+I20)/I5)*7 -> #DIV/0! | J21: =((J19+J20)/J5)*7 -> #DIV/0! | ... M21: =((M19+M20)/M5)*7 -> #DIV/0!
B22: K% | C22: =(C19+C20)/C12 -> 0.2 | D22: =(D19+D20)/D12 -> 0.4 | E22: =(E19+E20)/E12 -> 0.36363636 | F22: =(F19+F20)/F12 -> 0.25 | G22: =(G19+G20)/G12 -> 0.14285714 | H22: =(H19+H20)/H12 -> #DIV/0! | I22: =(I19+I20)/I12 -> #DIV/0! | J22: =(J19+J20)/J12 -> #DIV/0! | ... M22: =(M19+M20)/M12 -> #DIV/0!
B23: K/BB | C23: =(C19+C20)/C14 -> #DIV/0! | D23: =(D19+D20)/D14 -> #DIV/0! | E23: =(E19+E20)/E14 -> 2 | F23: =(F19+F20)/F14 -> 0.5 | G23: =(G19+G20)/G14 -> 0.25 | H23: =(H19+H20)/H14 -> #DIV/0! | I23: =(I19+I20)/I14 -> #DIV/0! | J23: =(J19+J20)/J14 -> #DIV/0! | ... M23: =(M19+M20)/M14 -> #DIV/0!
B24: K%-BB% | C24: =C22-C15 -> 0.2 | D24: =D22-D15 -> 0.4 | E24: =E22-E15 -> 0.18181818 | F24: =F22-F15 -> -0.25 | G24: =G22-G15 -> -0.42857143 | H24: =H22-H15 -> #DIV/0! | I24: =I22-I15 -> #DIV/0! | J24: =J22-J15 -> #DIV/0! | ... M24: =M22-M15 -> #DIV/0!
B25: BAA | C25: =C13/(C12-C14-C17) -> 0.4 | D25: =D13/(D12-D14-D17) -> 0.2 | E25: =E13/(E12-E14-E17) -> 0.375 | F25: =F13/(F12-F14-F17) -> 0 | G25: =G13/(G12-G14-G17) -> 0.33333333 | H25: =H13/(H12-H14-H17) -> #DIV/0! | I25: =I13/(I12-I14-I17) -> #DIV/0! | J25: =J13/(J12-J14-J17) -> #DIV/0! | ... M25: =M13/(M12-M14-M17) -> #DIV/0!
A26: Efficiency | B26: FPS | C26: 4 | D26: 3 | E26: 3 | F26: 3 | G26: 3 | H26: 0 | I26: 0 | J26: 0 | K26: 0 | L26: 0 | M26: 0
B27: FPS% | C27: =C26/C12 -> 0.8 | D27: =D26/D12 -> 0.6 | E27: =E26/E12 -> 0.27272727 | F27: =F26/F12 -> 0.375 | G27: =G26/G12 -> 0.42857143 | H27: =H26/H12 -> #DIV/0! | I27: =I26/I12 -> #DIV/0! | J27: =J26/J12 -> #DIV/0! | ... M27: =M26/M12 -> #DIV/0!
B28: 2/3K | C28: 1 | D28: 4 | E28: 4 | F28: 1 | G28: 2 | H28: 0 | I28: 0 | J28: 0 | K28: 0 | L28: 0 | M28: 0
B29: 2/3K% | C29: =C28/C12 -> 0.2 | D29: =D28/D12 -> 0.8 | E29: =E28/E12 -> 0.36363636 | F29: =F28/F12 -> 0.125 | G29: =G28/G12 -> 0.28571429 | H29: =H28/H12 -> #DIV/0! | I29: =I28/I12 -> #DIV/0! | J29: =J28/J12 -> #DIV/0! | ... M29: =M28/M12 -> #DIV/0!
B30: <3P | C30: 2 | D30: 0 | E30: 6 | F30: 0 | G30: 1 | H30: 0 | I30: 0 | J30: 0 | K30: 0 | L30: 0 | M30: 0
B31: <3P% | C31: =C30/C12 -> 0.4 | D31: =D30/D12 -> 0 | E31: =E30/E12 -> 0.54545455 | F31: =F30/F12 -> 0 | G31: =G30/G12 -> 0.14285714 | H31: =H30/H12 -> #DIV/0! | I31: =I30/I12 -> #DIV/0! | J31: =J30/J12 -> #DIV/0! | ... M31: =M30/M12 -> #DIV/0!
B32: 3BC | C32: 2 | D32: 1 | E32: 3 | F32: 6 | G32: 5 | H32: 0 | I32: 0 | J32: 0 | K32: 0 | L32: 0 | M32: 0
B33: 3BC% | C33: =C32/C12 -> 0.4 | D33: =D32/D12 -> 0.2 | E33: =E32/E12 -> 0.27272727 | F33: =F32/F12 -> 0.75 | G33: =G32/G12 -> 0.71428571 | H33: =H32/H12 -> #DIV/0! | I33: =I32/I12 -> #DIV/0! | J33: =J32/J12 -> #DIV/0! | ... M33: =M32/M12 -> #DIV/0!
A34: Usages/Strike Percentages | B34: TFB | C34: 13 | D34: 16 | E34: 23 | F34: 27 | G34: 23 | H34: 0 | I34: 0 | J34: 0 | K34: 0 | L34: 0 | M34: 0
B35: FBK | C35: 11 | D35: 12 | E35: 12 | F35: 12 | G35: 11 | H35: 0 | I35: 0 | J35: 0 | K35: 0 | L35: 0 | M35: 0
B36: FB% | C36: =C34/C6 -> 0.61904762 | D36: =D34/D6 -> 0.61538462 | E36: =E34/E6 -> 0.54761905 | F36: =F34/F6 -> 0.61363636 | G36: =G34/G6 -> 0.58974359 | H36: =H34/H6 -> #DIV/0! | I36: =I34/I6 -> #DIV/0! | J36: =J34/J6 -> #DIV/0! | ... M36: =M34/M6 -> #DIV/0!
B37: FBK% | C37: =C35/C34 -> 0.84615385 | D37: =D35/D34 -> 0.75 | E37: =E35/E34 -> 0.52173913 | F37: =F35/F34 -> 0.44444444 | G37: =G35/G34 -> 0.47826087 | H37: =H35/H34 -> #DIV/0! | I37: =I35/I34 -> #DIV/0! | J37: =J35/J34 -> #DIV/0! | ... M37: =M35/M34 -> #DIV/0!
B38: TCB | C38: 2 | D38: 4 | E38: 5 | F38: 2 | G38: 5 | H38: 0 | I38: 0 | J38: 0 | K38: 0 | L38: 0 | M38: 0
B39: CBK | C39: 0 | D39: 1 | E39: 2 | F39: 1 | G39: 2 | H39: 0 | I39: 0 | J39: 0 | K39: 0 | L39: 0 | M39: 0
B40: CB% | C40: =C38/C6 -> 0.095238095 | D40: =D38/D6 -> 0.15384615 | E40: =E38/E6 -> 0.11904762 | F40: =F38/F6 -> 0.045454545 | G40: =G38/G6 -> 0.12820513 | H40: =H38/H6 -> #DIV/0! | I40: =I38/I6 -> #DIV/0! | J40: =J38/J6 -> #DIV/0! | ... M40: =M38/M6 -> #DIV/0!
B41: CBK% | C41: =C39/C38 -> 0 | D41: =D39/D38 -> 0.25 | E41: =E39/E38 -> 0.4 | F41: =F39/F38 -> 0.5 | G41: =G39/G38 -> 0.4 | H41: =H39/H38 -> #DIV/0! | I41: =I39/I38 -> #DIV/0! | J41: =J39/J38 -> #DIV/0! | ... M41: =M39/M38 -> #DIV/0!
B42: TCH | C42: 1 | D42: 3 | E42: 3 | F42: 2 | G42: 2 | H42: 0 | I42: 0 | J42: 0 | K42: 0 | L42: 0 | M42: 0
B43: CHK | C43: 0 | D43: 1 | E43: 2 | F43: 0 | G43: 0 | H43: 0 | I43: 0 | J43: 0 | K43: 0 | L43: 0 | M43: 0
B44: CH% | C44: =C42/C6 -> 0.047619048 | D44: =D42/D6 -> 0.11538462 | E44: =E42/E6 -> 0.071428571 | F44: =F42/F6 -> 0.045454545 | G44: =G42/G6 -> 0.051282051 | H44: =H42/H6 -> #DIV/0! | I44: =I42/I6 -> #DIV/0! | J44: =J42/J6 -> #DIV/0! | ... M44: =M42/M6 -> #DIV/0!
B45: CHK% | C45: =C43/C42 -> 0 | D45: =D43/D42 -> 0.33333333 | E45: =E43/E42 -> 0.66666667 | F45: =F43/F42 -> 0 | G45: =G43/G42 -> 0 | H45: =H43/H42 -> #DIV/0! | I45: =I43/I42 -> #DIV/0! | J45: =J43/J42 -> #DIV/0! | ... M45: =M43/M42 -> #DIV/0!
B46: TSL | C46: 5 | D46: 3 | E46: 11 | F46: 13 | G46: 9 | H46: 0 | I46: 0 | J46: 0 | K46: 0 | L46: 0 | M46: 0
B47: SLK | C47: 1 | D47: 2 | E47: 5 | F47: 5 | G47: 4 | H47: 0 | I47: 0 | J47: 0 | K47: 0 | L47: 0 | M47: 0
B48: SL% | C48: =C46/C6 -> 0.23809524 | D48: =D46/D6 -> 0.11538462 | E48: =E46/E6 -> 0.26190476 | F48: =F46/F6 -> 0.29545455 | G48: =G46/G6 -> 0.23076923 | H48: =H46/H6 -> #DIV/0! | I48: =I46/I6 -> #DIV/0! | J48: =J46/J6 -> #DIV/0! | ... M48: =M46/M6 -> #DIV/0!
B49: SLK% | C49: =C47/C46 -> 0.2 | D49: =D47/D46 -> 0.66666667 | E49: =E47/E46 -> 0.45454545 | F49: =F47/F46 -> 0.38461538 | G49: =G47/G46 -> 0.44444444 | H49: =H47/H46 -> #DIV/0! | I49: =I47/I46 -> #DIV/0! | J49: =J47/J46 -> #DIV/0! | ... M49: =M47/M46 -> #DIV/0!
A50: Swing/Miss Percentages | B50: TFB SW | C50: 9 | D50: 8 | E50: 9 | F50: 5 | G50: 9 | H50: 0 | I50: 0 | J50: 0 | K50: 0 | L50: 0 | M50: 0
B51: FB SW/M | C51: 3 | D51: 2 | E51: 4 | F51: 1 | G51: 1 | H51: 0 | I51: 0 | J51: 0 | K51: 0 | L51: 0 | M51: 0
B52: FB SW/M% | C52: =C51/C50 -> 0.33333333 | D52: =D51/D50 -> 0.25 | E52: =E51/E50 -> 0.44444444 | F52: =F51/F50 -> 0.2 | G52: =G51/G50 -> 0.11111111 | H52: =H51/H50 -> #DIV/0! | I52: =I51/I50 -> #DIV/0! | J52: =J51/J50 -> #DIV/0! | ... M52: =M51/M50 -> #DIV/0!
B53: TCB SW | C53: 0 | D53: 0 | E53: 0 | F53: 1 | G53: 1 | H53: 0 | I53: 0 | J53: 0 | K53: 0 | L53: 0 | M53: 0
B54: CB SW/M | C54: 0 | D54: 0 | E54: 0 | F54: 1 | G54: 0 | H54: 0 | I54: 0 | J54: 0 | K54: 0 | L54: 0 | M54: 0
B55: CB SW/M% | C55: =C54/C53 -> #DIV/0! | D55: =D54/D53 -> #DIV/0! | E55: =E54/E53 -> #DIV/0! | F55: =F54/F53 -> 1 | G55: =G54/G53 -> 0 | H55: =H54/H53 -> #DIV/0! | I55: =I54/I53 -> #DIV/0! | J55: =J54/J53 -> #DIV/0! | ... M55: =M54/M53 -> #DIV/0!
B56: TCH SW | C56: 0 | D56: 0 | E56: 2 | F56: 0 | G56: 0 | H56: 0 | I56: 0 | J56: 0 | K56: 0 | L56: 0 | M56: 0
B57: CH SW/M | C57: 0 | D57: 0 | E57: 1 | F57: 0 | G57: 0 | H57: 0 | I57: 0 | J57: 0 | K57: 0 | L57: 0 | M57: 0
B58: CH SW/M% | C58: =C57/C56 -> #DIV/0! | D58: =D57/D56 -> #DIV/0! | E58: =E57/E56 -> 0.5 | F58: =F57/F56 -> #DIV/0! | G58: =G57/G56 -> #DIV/0! | H58: =H57/H56 -> #DIV/0! | I58: =I57/I56 -> #DIV/0! | J58: =J57/J56 -> #DIV/0! | ... M58: =M57/M56 -> #DIV/0!
B59: TSL SW | C59: 1 | D59: 1 | E59: 4 | F59: 4 | G59: 2 | H59: 0 | I59: 0 | J59: 0 | K59: 0 | L59: 0 | M59: 0
B60: SL SW/M | C60: 0 | D60: 1 | E60: 4 | F60: 2 | G60: 2 | H60: 0 | I60: 0 | J60: 0 | K60: 0 | L60: 0 | M60: 0
B61: SL SW/M% | C61: =C60/C59 -> 0 | D61: =D60/D59 -> 1 | E61: =E60/E59 -> 1 | F61: =F60/F59 -> 0.5 | G61: =G60/G59 -> 1 | H61: =H60/H59 -> #DIV/0! | I61: =I60/I59 -> #DIV/0! | J61: =J60/J59 -> #DIV/0! | ... M61: =M60/M59 -> #DIV/0!
A62: Metrics | B62: Avg FB Velo | C62: =AVERAGEIFS($F$86:$F$404,$B$86:$B$404,C$3,$E$86:$E$404,"FB") -> 83.213597 | D62: =AVERAGEIFS($F$86:$F$404,$B$86:$B$404,D$3,$E$86:$E$404,"FB") -> 83.509898 | E62: =AVERAGEIFS($F$86:$F$404,$B$86:$B$404,E$3,$E$86:$E$404,"FB") -> 82.402656 | F62: =AVERAGEIFS($F$86:$F$404,$B$86:$B$404,F$3,$E$86:$E$404,"FB") -> 82.134256 | G62: =AVERAGEIFS($F$86:$F$404,$B$86:$B$404,G$3,$E$86:$E$404,"FB") -> 82.890102 | H62: =AVERAGEIFS($F$86:$F$404,$B$86:$B$404,H$3,$E$86:$E$404,"FB") -> #DIV/0! | I62: =AVERAGEIFS($F$86:$F$404,$B$86:$B$404,I$3,$E$86:$E$404,"FB") -> #DIV/0! | J62: =AVERAGEIFS($F$86:$F$404,$B$86:$B$404,J$3,$E$86:$E$404,"FB") -> #DIV/0! | K62: =AVERAGEIFS(F86:F404, E86:E404,"FB") -> 82.718564
B63: Min FB Velo | C63: =_xlfn.MINIFS($F$86:$F$404,$B$86:$B$404,C$3,$E$86:$E$404,"FB") -> 81.416717 | D63: =_xlfn.MINIFS($F$86:$F$404,$B$86:$B$404,D$3,$E$86:$E$404,"FB") -> 82.258358 | E63: =_xlfn.MINIFS($F$86:$F$404,$B$86:$B$404,E$3,$E$86:$E$404,"FB") -> 80.146315 | F63: =_xlfn.MINIFS($F$86:$F$404,$B$86:$B$404,F$3,$E$86:$E$404,"FB") -> 80.527435 | G63: =_xlfn.MINIFS($F$86:$F$404,$B$86:$B$404,G$3,$E$86:$E$404,"FB") -> 79.177639 | H63: =_xlfn.MINIFS($F$86:$F$404,$B$86:$B$404,H$3,$E$86:$E$404,"FB") -> 0 | I63: =_xlfn.MINIFS($F$86:$F$404,$B$86:$B$404,I$3,$E$86:$E$404,"FB") -> 0 | J63: =_xlfn.MINIFS($F$86:$F$404,$B$86:$B$404,J$3,$E$86:$E$404,"FB") -> 0 | K63: =_xlfn.MINIFS(F86:F404, E86:E404,"FB") -> 79.177639
B64: Max FB Velo | C64: =_xlfn.MAXIFS($F$86:$F$404,$B$86:$B$404,C$3,$E$86:$E$404,"FB") -> 84.60859 | D64: =_xlfn.MAXIFS($F$86:$F$404,$B$86:$B$404,D$3,$E$86:$E$404,"FB") -> 85.243796 | E64: =_xlfn.MAXIFS($F$86:$F$404,$B$86:$B$404,E$3,$E$86:$E$404,"FB") -> 84.036915 | F64: =_xlfn.MAXIFS($F$86:$F$404,$B$86:$B$404,F$3,$E$86:$E$404,"FB") -> 83.925752 | G64: =_xlfn.MAXIFS($F$86:$F$404,$B$86:$B$404,G$3,$E$86:$E$404,"FB") -> 84.624471 | H64: =_xlfn.MAXIFS($F$86:$F$404,$B$86:$B$404,H$3,$E$86:$E$404,"FB") -> 0 | I64: =_xlfn.MAXIFS($F$86:$F$404,$B$86:$B$404,I$3,$E$86:$E$404,"FB") -> 0 | J64: =_xlfn.MAXIFS($F$86:$F$404,$B$86:$B$404,J$3,$E$86:$E$404,"FB") -> 0 | K64: =_xlfn.MAXIFS(F86:F404, E86:E404,"FB") -> 85.243796
B65: Avg FB RPM | C65: =AVERAGEIFS($G$86:$G$404,$B$86:$B$404,C$3,$E$86:$E$404,"FB") -> 1802.6325 | D65: =AVERAGEIFS($G$86:$G$404,$B$86:$B$404,D$3,$E$86:$E$404,"FB") -> 1985.0224 | E65: =AVERAGEIFS($G$86:$G$404,$B$86:$B$404,E$3,$E$86:$E$404,"FB") -> 1876.0348 | F65: =AVERAGEIFS($G$86:$G$404,$B$86:$B$404,F$3,$E$86:$E$404,"FB") -> 2035.1943 | G65: =AVERAGEIFS($G$86:$G$404,$B$86:$B$404,G$3,$E$86:$E$404,"FB") -> 2099.4671 | H65: =AVERAGEIFS($G$86:$G$404,$B$86:$B$404,H$3,$E$86:$E$404,"FB") -> #DIV/0! | I65: =AVERAGEIFS($G$86:$G$404,$B$86:$B$404,I$3,$E$86:$E$404,"FB") -> #DIV/0! | J65: =AVERAGEIFS($G$86:$G$404,$B$86:$B$404,J$3,$E$86:$E$404,"FB") -> #DIV/0! | K65: =AVERAGEIFS(G86:G404, E86:E404,"FB") -> 1976.288
B66: Avg SL Velo | C66: =AVERAGEIFS($F$86:$F$404,$B$86:$B$404,C$3,$E$86:$E$404,"SL") -> 70.939097 | D66: =AVERAGEIFS($F$86:$F$404,$B$86:$B$404,D$3,$E$86:$E$404,"SL") -> 70.459522 | E66: =AVERAGEIFS($F$86:$F$404,$B$86:$B$404,E$3,$E$86:$E$404,"SL") -> 67.904286 | F66: =AVERAGEIFS($F$86:$F$404,$B$86:$B$404,F$3,$E$86:$E$404,"SL") -> 70.333702 | G66: =AVERAGEIFS($F$86:$F$404,$B$86:$B$404,G$3,$E$86:$E$404,"SL") -> 71.073548 | H66: =AVERAGEIFS($F$86:$F$404,$B$86:$B$404,H$3,$E$86:$E$404,"SL") -> #DIV/0! | I66: =AVERAGEIFS($F$86:$F$404,$B$86:$B$404,I$3,$E$86:$E$404,"SL") -> #DIV/0! | J66: =AVERAGEIFS($F$86:$F$404,$B$86:$B$404,J$3,$E$86:$E$404,"SL") -> #DIV/0! | K66: =AVERAGEIFS(F86:F404, E86:E404,"SL") -> 69.927348
B67: Min SL Velo | C67: =_xlfn.MINIFS($F$86:$F$404,$B$86:$B$404,C$3,$E$86:$E$404,"SL") -> 69.6814 | D67: =_xlfn.MINIFS($F$86:$F$404,$B$86:$B$404,D$3,$E$86:$E$404,"SL") -> 69.10972 | E67: =_xlfn.MINIFS($F$86:$F$404,$B$86:$B$404,E$3,$E$86:$E$404,"SL") -> 65.616125 | F67: =_xlfn.MINIFS($F$86:$F$404,$B$86:$B$404,F$3,$E$86:$E$404,"SL") -> 67.585241 | G67: =_xlfn.MINIFS($F$86:$F$404,$B$86:$B$404,G$3,$E$86:$E$404,"SL") -> 68.919161 | H67: =_xlfn.MINIFS($F$86:$F$404,$B$86:$B$404,H$3,$E$86:$E$404,"SL") -> 0 | I67: =_xlfn.MINIFS($F$86:$F$404,$B$86:$B$404,I$3,$E$86:$E$404,"SL") -> 0 | J67: =_xlfn.MINIFS($F$86:$F$404,$B$86:$B$404,J$3,$E$86:$E$404,"SL") -> 0 | K67: =_xlfn.MINIFS(F86:F404, E86:E404,"SL") -> 65.616125
B68: Max SL Velo | C68: =_xlfn.MAXIFS($F$86:$F$404,$B$86:$B$404,C$3,$E$86:$E$404,"SL") -> 71.396439 | D68: =_xlfn.MAXIFS($F$86:$F$404,$B$86:$B$404,D$3,$E$86:$E$404,"SL") -> 71.317042 | E68: =_xlfn.MAXIFS($F$86:$F$404,$B$86:$B$404,E$3,$E$86:$E$404,"SL") -> 69.617883 | F68: =_xlfn.MAXIFS($F$86:$F$404,$B$86:$B$404,F$3,$E$86:$E$404,"SL") -> 73.667278 | G68: =_xlfn.MAXIFS($F$86:$F$404,$B$86:$B$404,G$3,$E$86:$E$404,"SL") -> 72.650961 | H68: =_xlfn.MAXIFS($F$86:$F$404,$B$86:$B$404,H$3,$E$86:$E$404,"SL") -> 0 | I68: =_xlfn.MAXIFS($F$86:$F$404,$B$86:$B$404,I$3,$E$86:$E$404,"SL") -> 0 | J68: =_xlfn.MAXIFS($F$86:$F$404,$B$86:$B$404,J$3,$E$86:$E$404,"SL") -> 0 | K68: =_xlfn.MAXIFS(F86:F404, E86:E404,"SL") -> 73.667278
B69: Avg SL RPM | C69: =AVERAGEIFS($G$86:$G$404,$B$86:$B$404,C$3,$E$86:$E$404,"SL") -> 2230.4708 | D69: =AVERAGEIFS($G$86:$G$404,$B$86:$B$404,D$3,$E$86:$E$404,"SL") -> 1544.7272 | E69: =AVERAGEIFS($G$86:$G$404,$B$86:$B$404,E$3,$E$86:$E$404,"SL") -> 1693.1516 | F69: =AVERAGEIFS($G$86:$G$404,$B$86:$B$404,F$3,$E$86:$E$404,"SL") -> 1791.8302 | G69: =AVERAGEIFS($G$86:$G$404,$B$86:$B$404,G$3,$E$86:$E$404,"SL") -> 2132.7784 | H69: =AVERAGEIFS($G$86:$G$404,$B$86:$B$404,H$3,$E$86:$E$404,"SL") -> #DIV/0! | I69: =AVERAGEIFS($G$86:$G$404,$B$86:$B$404,I$3,$E$86:$E$404,"SL") -> #DIV/0! | J69: =AVERAGEIFS($G$86:$G$404,$B$86:$B$404,J$3,$E$86:$E$404,"SL") -> #DIV/0! | K69: =AVERAGEIFS(G86:G404, E86:E404,"SL") -> 1875.6098
B70: Avg CB Velo | C70: =AVERAGEIFS($F$86:$F$404,$B$86:$B$404,C$3,$E$86:$E$404,"CB") -> 67.807562 | D70: =AVERAGEIFS($F$86:$F$404,$B$86:$B$404,D$3,$E$86:$E$404,"CB") -> 67.803592 | E70: =AVERAGEIFS($F$86:$F$404,$B$86:$B$404,E$3,$E$86:$E$404,"CB") -> 66.270379 | F70: =AVERAGEIFS($F$86:$F$404,$B$86:$B$404,F$3,$E$86:$E$404,"CB") -> 65.989303 | G70: =AVERAGEIFS($F$86:$F$404,$B$86:$B$404,G$3,$E$86:$E$404,"CB") -> 66.991332 | H70: =AVERAGEIFS($F$86:$F$404,$B$86:$B$404,H$3,$E$86:$E$404,"CB") -> #DIV/0! | I70: =AVERAGEIFS($F$86:$F$404,$B$86:$B$404,I$3,$E$86:$E$404,"CB") -> #DIV/0! | J70: =AVERAGEIFS($F$86:$F$404,$B$86:$B$404,J$3,$E$86:$E$404,"CB") -> #DIV/0! | K70: =AVERAGEIFS(F86:F404, E86:E404,"CB") -> 66.950925
B71: Min CB Velo | C71: =_xlfn.MINIFS($F$86:$F$404,$B$86:$B$404,C$3,$E$86:$E$404,"CB") -> 66.695963 | D71: =_xlfn.MINIFS($F$86:$F$404,$B$86:$B$404,D$3,$E$86:$E$404,"CB") -> 67.394681 | E71: =_xlfn.MINIFS($F$86:$F$404,$B$86:$B$404,E$3,$E$86:$E$404,"CB") -> 64.218684 | F71: =_xlfn.MINIFS($F$86:$F$404,$B$86:$B$404,F$3,$E$86:$E$404,"CB") -> 65.663762 | G71: =_xlfn.MINIFS($F$86:$F$404,$B$86:$B$404,G$3,$E$86:$E$404,"CB") -> 65.171484 | H71: =_xlfn.MINIFS($F$86:$F$404,$B$86:$B$404,H$3,$E$86:$E$404,"CB") -> 0 | I71: =_xlfn.MINIFS($F$86:$F$404,$B$86:$B$404,I$3,$E$86:$E$404,"CB") -> 0 | J71: =_xlfn.MINIFS($F$86:$F$404,$B$86:$B$404,J$3,$E$86:$E$404,"CB") -> 0 | K71: =_xlfn.MINIFS(F86:F404, E86:E404,"CB") -> 64.218684
B72: Max CB Velo | C72: =_xlfn.MAXIFS($F$86:$F$404,$B$86:$B$404,C$3,$E$86:$E$404,"CB") -> 68.919161 | D72: =_xlfn.MAXIFS($F$86:$F$404,$B$86:$B$404,D$3,$E$86:$E$404,"CB") -> 68.331601 | E72: =_xlfn.MAXIFS($F$86:$F$404,$B$86:$B$404,E$3,$E$86:$E$404,"CB") -> 68.585682 | F72: =_xlfn.MAXIFS($F$86:$F$404,$B$86:$B$404,F$3,$E$86:$E$404,"CB") -> 66.314843 | G72: =_xlfn.MAXIFS($F$86:$F$404,$B$86:$B$404,G$3,$E$86:$E$404,"CB") -> 69.427323 | H72: =_xlfn.MAXIFS($F$86:$F$404,$B$86:$B$404,H$3,$E$86:$E$404,"CB") -> 0 | I72: =_xlfn.MAXIFS($F$86:$F$404,$B$86:$B$404,I$3,$E$86:$E$404,"CB") -> 0 | J72: =_xlfn.MAXIFS($F$86:$F$404,$B$86:$B$404,J$3,$E$86:$E$404,"CB") -> 0 | K72: =_xlfn.MAXIFS(F86:F404, E86:E404,"CB") -> 69.427323
B73: Avg CB RPM | C73: =AVERAGEIFS($G$86:$G$404,$B$86:$B$404,C$3,$E$86:$E$404,"CB") -> 2052.4498 | D73: =AVERAGEIFS($G$86:$G$404,$B$86:$B$404,D$3,$E$86:$E$404,"CB") -> 1660.6021 | E73: =AVERAGEIFS($G$86:$G$404,$B$86:$B$404,E$3,$E$86:$E$404,"CB") -> 1833.8124 | F73: =AVERAGEIFS($G$86:$G$404,$B$86:$B$404,F$3,$E$86:$E$404,"CB") -> 2025.8604 | G73: =AVERAGEIFS($G$86:$G$404,$B$86:$B$404,G$3,$E$86:$E$404,"CB") -> 1625.157 | H73: =AVERAGEIFS($G$86:$G$404,$B$86:$B$404,H$3,$E$86:$E$404,"CB") -> #DIV/0! | I73: =AVERAGEIFS($G$86:$G$404,$B$86:$B$404,I$3,$E$86:$E$404,"CB") -> #DIV/0! | J73: =AVERAGEIFS($G$86:$G$404,$B$86:$B$404,J$3,$E$86:$E$404,"CB") -> #DIV/0! | K73: =AVERAGEIFS(G86:G404, E86:E404,"CB") -> 1782.9931
B74: Avg CH Velo | C74: =AVERAGEIFS($F$86:$F$404,$B$86:$B$404,C$3,$E$86:$E$404,"CH") -> 73.603757 | D74: =AVERAGEIFS($F$86:$F$404,$B$86:$B$404,D$3,$E$86:$E$404,"CH") -> 77.589636 | E74: =AVERAGEIFS($F$86:$F$404,$B$86:$B$404,E$3,$E$86:$E$404,"CH") -> 76.896211 | F74: =AVERAGEIFS($F$86:$F$404,$B$86:$B$404,F$3,$E$86:$E$404,"CH") -> 75.040898 | G74: =AVERAGEIFS($F$86:$F$404,$B$86:$B$404,G$3,$E$86:$E$404,"CH") -> 74.088099 | H74: =AVERAGEIFS($F$86:$F$404,$B$86:$B$404,H$3,$E$86:$E$404,"CH") -> #DIV/0! | I74: =AVERAGEIFS($F$86:$F$404,$B$86:$B$404,I$3,$E$86:$E$404,"CH") -> #DIV/0! | J74: =AVERAGEIFS($F$86:$F$404,$B$86:$B$404,J$3,$E$86:$E$404,"CH") -> #DIV/0! | K74: =AVERAGEIFS(F86:F404, E86:E404,"CH") -> 75.938117
B75: Min CH Velo | C75: =_xlfn.MINIFS($F$86:$F$404,$B$86:$B$404,C$3,$E$86:$E$404,"CH") -> 73.603757 | D75: =_xlfn.MINIFS($F$86:$F$404,$B$86:$B$404,D$3,$E$86:$E$404,"CH") -> 76.446279 | E75: =_xlfn.MINIFS($F$86:$F$404,$B$86:$B$404,E$3,$E$86:$E$404,"CH") -> 75.69992 | F75: =_xlfn.MINIFS($F$86:$F$404,$B$86:$B$404,F$3,$E$86:$E$404,"CH") -> 74.048398 | G75: =_xlfn.MINIFS($F$86:$F$404,$B$86:$B$404,G$3,$E$86:$E$404,"CH") -> 72.666842 | H75: =_xlfn.MINIFS($F$86:$F$404,$B$86:$B$404,H$3,$E$86:$E$404,"CH") -> 0 | I75: =_xlfn.MINIFS($F$86:$F$404,$B$86:$B$404,I$3,$E$86:$E$404,"CH") -> 0 | J75: =_xlfn.MINIFS($F$86:$F$404,$B$86:$B$404,J$3,$E$86:$E$404,"CH") -> 0 | K75: =_xlfn.MINIFS(F86:F404, E86:E404,"CH") -> 72.666842
B76: Max CH Velo | C76: =_xlfn.MAXIFS($F$86:$F$404,$B$86:$B$404,C$3,$E$86:$E$404,"CH") -> 73.603757 | D76: =_xlfn.MAXIFS($F$86:$F$404,$B$86:$B$404,D$3,$E$86:$E$404,"CH") -> 78.510673 | E76: =_xlfn.MAXIFS($F$86:$F$404,$B$86:$B$404,E$3,$E$86:$E$404,"CH") -> 77.938998 | F76: =_xlfn.MAXIFS($F$86:$F$404,$B$86:$B$404,F$3,$E$86:$E$404,"CH") -> 76.033399 | G76: =_xlfn.MAXIFS($F$86:$F$404,$B$86:$B$404,G$3,$E$86:$E$404,"CH") -> 75.509356 | H76: =_xlfn.MAXIFS($F$86:$F$404,$B$86:$B$404,H$3,$E$86:$E$404,"CH") -> 0 | I76: =_xlfn.MAXIFS($F$86:$F$404,$B$86:$B$404,I$3,$E$86:$E$404,"CH") -> 0 | J76: =_xlfn.MAXIFS($F$86:$F$404,$B$86:$B$404,J$3,$E$86:$E$404,"CH") -> 0 | K76: =_xlfn.MAXIFS(F86:F404, E86:E404,"CH") -> 78.510673
B77: Avg CH RPM | C77: =AVERAGEIFS($G$86:$G$404,$B$86:$B$404,C$3,$E$86:$E$404,"CH") -> 1280.0641 | D77: =AVERAGEIFS($G$86:$G$404,$B$86:$B$404,D$3,$E$86:$E$404,"CH") -> 1527.8516 | E77: =AVERAGEIFS($G$86:$G$404,$B$86:$B$404,E$3,$E$86:$E$404,"CH") -> 1509.6648 | F77: =AVERAGEIFS($G$86:$G$404,$B$86:$B$404,F$3,$E$86:$E$404,"CH") -> 1429.5532 | G77: =AVERAGEIFS($G$86:$G$404,$B$86:$B$404,G$3,$E$86:$E$404,"CH") -> 1332.8772 | H77: =AVERAGEIFS($G$86:$G$404,$B$86:$B$404,H$3,$E$86:$E$404,"CH") -> #DIV/0! | I77: =AVERAGEIFS($G$86:$G$404,$B$86:$B$404,I$3,$E$86:$E$404,"CH") -> #DIV/0! | J77: =AVERAGEIFS($G$86:$G$404,$B$86:$B$404,J$3,$E$86:$E$404,"CH") -> #DIV/0! | K77: =AVERAGEIFS(G86:G404, E86:E404,"CH") -> 1447.0431
A78: Batted Ball | B78: Avg EV | C78: =AVERAGEIFS($K$86:$K$404,$B$86:$B$404,C$3) -> 62.340761 | D78: =AVERAGEIFS($K$86:$K$404,$B$86:$B$404,D$3) -> 82.799272 | E78: =AVERAGEIFS($K$86:$K$404,$B$86:$B$404,E$3) -> 86.842082 | F78: =AVERAGEIFS($K$86:$K$404,$B$86:$B$404,F$3) -> 77.089932 | G78: =AVERAGEIFS($K$86:$K$404,$B$86:$B$404,G$3) -> 82.903314 | H78: =AVERAGEIFS($K$86:$K$404,$B$86:$B$404,H$3) -> #DIV/0! | I78: =AVERAGEIFS($K$86:$K$404,$B$86:$B$404,I$3) -> #DIV/0! | J78: =AVERAGEIFS($K$86:$K$404,$B$86:$B$404,J$3) -> #DIV/0! | K78: =AVERAGE(K86:K404) -> 78.573046
B79: Avg LA | C79: =AVERAGEIFS($L$86:$L$404,$B$86:$B$404,C$3) -> -13.921026 | D79: =AVERAGEIFS($L$86:$L$404,$B$86:$B$404,D$3) -> 13.710787 | E79: =AVERAGEIFS($L$86:$L$404,$B$86:$B$404,E$3) -> 20.746858 | F79: =AVERAGEIFS($L$86:$L$404,$B$86:$B$404,F$3) -> -6.3579199 | G79: =AVERAGEIFS($L$86:$L$404,$B$86:$B$404,G$3) -> 27.553208 | H79: =AVERAGEIFS($L$86:$L$404,$B$86:$B$404,H$3) -> #DIV/0! | I79: =AVERAGEIFS($L$86:$L$404,$B$86:$B$404,I$3) -> #DIV/0! | J79: =AVERAGEIFS($L$86:$L$404,$B$86:$B$404,J$3) -> #DIV/0! | K79: =AVERAGE(L86:L404) -> 9.2961858
B80: Avg Distance | C80: =AVERAGEIFS($O$86:$O$404,$B$86:$B$404,C$3) -> 79 | D80: =AVERAGEIFS($O$86:$O$404,$B$86:$B$404,D$3) -> 160.2 | E80: =AVERAGEIFS($O$86:$O$404,$B$86:$B$404,E$3) -> 198.8 | F80: =AVERAGEIFS($O$86:$O$404,$B$86:$B$404,F$3) -> 78 | G80: =AVERAGEIFS($O$86:$O$404,$B$86:$B$404,G$3) -> 241 | H80: =AVERAGEIFS($O$86:$O$404,$B$86:$B$404,H$3) -> #DIV/0! | I80: =AVERAGEIFS($O$86:$O$404,$B$86:$B$404,I$3) -> #DIV/0! | J80: =AVERAGEIFS($O$86:$O$404,$B$86:$B$404,J$3) -> #DIV/0! | K80: =AVERAGE(O374:O404) -> #DIV/0!
B81: Avg SqU% | C81: =AVERAGEIFS($P$86:$P$404,$B$86:$B$404,C$3) -> 0.63927219 | D81: =AVERAGEIFS($P$86:$P$404,$B$86:$B$404,D$3) -> 0.86809108 | E81: =AVERAGEIFS($P$86:$P$404,$B$86:$B$404,E$3) -> 0.87506927 | F81: =AVERAGEIFS($P$86:$P$404,$B$86:$B$404,F$3) -> 0.74999926 | G81: =AVERAGEIFS($P$86:$P$404,$B$86:$B$404,G$3) -> 0.72776952 | H81: =AVERAGEIFS($P$86:$P$404,$B$86:$B$404,H$3) -> #DIV/0! | I81: =AVERAGEIFS($P$86:$P$404,$B$86:$B$404,I$3) -> #DIV/0! | J81: =AVERAGEIFS($P$86:$P$404,$B$86:$B$404,J$3) -> #DIV/0! | K81: =AVERAGE(P374:P404) -> #DIV/0!
B82: TSw/M% | C82: =(SUM(C51,C54,C57,C60)/(SUM(C50,C53,C56,C59))) -> 0.3 | D82: =(SUM(D51,D54,D57,D60)/(SUM(D50,D53,D56,D59))) -> 0.33333333 | E82: =(SUM(E51,E54,E57,E60)/(SUM(E50,E53,E56,E59))) -> 0.6 | F82: =(SUM(F51,F54,F57,F60)/(SUM(F50,F53,F56,F59))) -> 0.4 | G82: =(SUM(C51:F51)+SUM(C54:F54)+SUM(C57:F57)+SUM(C60:F60))/(SUM(C50:F50)+SUM(C53:F53)+SUM(C56:F56)+SUM(C59:F59)) -> 0.43181818 | H82: =(SUM(D51:G51)+SUM(D54:G54)+SUM(D57:G57)+SUM(D60:G60))/(SUM(D50:G50)+SUM(D53:G53)+SUM(D56:G56)+SUM(D59:G59)) -> 0.41304348 | I82: =(SUM(E51:H51)+SUM(E54:H54)+SUM(E57:H57)+SUM(E60:H60))/(SUM(E50:H50)+SUM(E53:H53)+SUM(E56:H56)+SUM(E59:H59)) -> 0.43243243 | J82: =(SUM(F51:I51)+SUM(F54:I54)+SUM(F57:I57)+SUM(F60:I60))/(SUM(F50:I50)+SUM(F53:I53)+SUM(F56:I56)+SUM(F59:I59)) -> 0.31818182 | K82: =(SUM(D51:G51)+SUM(D54:G54)+SUM(D57:G57)+SUM(D60:G60))/(SUM(D50:G50)+SUM(D53:G53)+SUM(D56:G56)+SUM(D59:G59)) -> 0.41304348
A85: PitchNo | B85: Date | C85: Time | D85: Pitcher | E85: Pitch Type | F85: Velocity | G85: SpinRate | H85: Ball/Strike | I85: Outcome | J85: Batter | K85: ExitSpeed | L85: Angle | M85: Direction | N85: BatSpeed | O85: Distance | P85: SquaredUp | X85: 172
A86: 287 | B86: 46197 | C86: 0.6174537 | D86: Jackson Orr | E86: FB | F86: 83.274675 | G86: 747.18091 | H86: 1 | J86: Reagan Samples | S86: CB | T86: 0 | X86: FB | Y86: 102 | Z86: =Y86/X85 -> 0.59302326 | AB86: CB | AC86: In Play, Hit | AD86: Easton Steck | AE86: 89.554111
A87: 288 | B87: 46197 | C87: 0.61768519 | D87: Jackson Orr | E87: FB | F87: 83.973393 | G87: 2197.5745 | H87: 0 | J87: Reagan Samples | S87: CB | T87: 0 | X87: CB | Y87: 18 | Z87: =Y87/X85 -> 0.10465116 | AB87: CB | AC87: Yes | AD87: Reagan Samples
A88: 289 | B88: 46197 | C88: 0.61787037 | D88: Jackson Orr | E88: SL | F88: 69.6814 | G88: 2157.5681 | H88: 0 | J88: Reagan Samples | S88: CH | T88: 0 | X88: SL | Y88: 41 | Z88: =Y88/X85 -> 0.23837209 | AB88: CB | AD88: Carter Walsh
A89: 290 | B89: 46197 | C89: 0.61805556 | D89: Jackson Orr | E89: FB | F89: 84.22747 | G89: 2270.0784 | H89: 1 | I89: Foul | J89: Reagan Samples | L89: -48.715542 | N89: 66.082343 | O89: 9 | S89: FB | T89: 1 | X89: CH | Y89: 11 | Z89: =Y89/X85 -> 0.063953488 | AB89: CB | AD89: Michael Chang
A90: 291 | B90: 46197 | C90: 0.61832176 | D90: Jackson Orr | E90: SL | F90: 71.01532 | G90: 2129.9605 | H90: 0 | J90: Reagan Samples | S90: FB | T90: 0 | AB90: CB | AD90: Ryan Han
A91: 292 | B91: 46197 | C91: 0.61851852 | D91: Jackson Orr | E91: FB | F91: 84.60859 | G91: 2150.5064 | H91: 1 | I91: Foul | J91: Reagan Samples | K91: 40.306674 | L91: -53.714996 | M91: 3.5441027 | N91: 67.796213 | O91: 7 | P91: 0.39640953 | S91: FB | T91: 1 | U91: Foul | AB91: CB | AD91: Ryan Han
A92: 293 | B92: 46197 | C92: 0.61890046 | D92: Jackson Orr | E92: FB | F92: 83.338196 | G92: 2144.1589 | H92: 1 | I92: In Play, Out | J92: Reagan Samples | K92: 66.701642 | L92: -14.034611 | M92: 17.451578 | N92: 61.867907 | O92: 14 | P92: 0.706808 | S92: FB | T92: 1 | U92: Foul | AB92: CB | AD92: Reagan Samples
A93: 294 | B93: 46197 | C93: 0.61931713 | D93: Jackson Orr | E93: FB | F93: 83.909872 | G93: 2218.7048 | H93: 1 | I93: Yes | J93: Ryan Han | N93: 66.92523 | S93: FB | T93: 1 | U93: In Play | AB93: CB | AD93: Michael Caranna
A94: 295 | B94: 46197 | C94: 0.61956019 | D94: Jackson Orr | E94: SL | F94: 71.332922 | G94: 2218.5173 | H94: 0 | J94: Ryan Han | S94: FB | T94: 1 | U94: Yes | AB94: CB | AD94: Carter Walsh
A95: 296 | B95: 46197 | C95: 0.61982639 | D95: Jackson Orr | E95: SL | F95: 71.396439 | G95: 2225.7854 | H95: 1 | I95: In Play, Hit | J95: Ryan Han | K95: 70.877346 | L95: 23.564739 | M95: -17.705021 | N95: 67.43096 | O95: 199 | P95: 0.72384117 | S95: FB | T95: 1 | U95: In Play | AB95: CB | AD95: Reagan Samples
A96: 297 | B96: 46197 | C96: 0.62033565 | D96: Jackson Orr | E96: FB | F96: 84.148077 | G96: 1096.6945 | H96: 1 | I96: In Play, Hit | J96: Caleb Koontz | K96: 74.240447 | L96: 27.607897 | M96: 17.35659 | N96: 65.94186 | O96: 231 | P96: 0.75079834 | S96: FB | T96: 0 | AB96: CB | AD96: Easton Steck
A97: 298 | B97: 46197 | C97: 0.62086806 | D97: Jackson Orr | E97: CH | F97: 73.603757 | G97: 1280.0641 | H97: 0 | J97: Carter Walsh | S97: FB | T97: 1 | U97: Foul | AB97: CB | AD97: Reagan Samples
A98: 299 | B98: 46197 | C98: 0.62125 | D98: Jackson Orr | E98: FB | F98: 82.830034 | G98: 1127.2307 | H98: 0 | J98: Carter Walsh | S98: FB | T98: 1 | U98: In Play | AB98: CB | AD98: Michael Chang
A99: 300 | B99: 46197 | C99: 0.6215162 | D99: Jackson Orr | E99: CB | F99: 66.695963 | G99: 1770.4485 | H99: 0 | J99: Carter Walsh | S99: FB | T99: 1 | AB99: CB | AD99: Aidan Young
A100: 301 | B100: 46197 | C100: 0.62193287 | D100: Jackson Orr | E100: FB | F100: 81.416717 | G100: 2211.5273 | H100: 1 | I100: Foul | J100: Carter Walsh | N100: 62.654602 | S100: FB | T100: 1 | U100: Yes | AB100: CB | AD100: Michael Chang
A101: 302 | B101: 46197 | C101: 0.62229167 | D101: Jackson Orr | E101: FB | F101: 81.940755 | G101: 2157.886 | H101: 1 | I101: In Play, Out | J101: Carter Walsh | K101: 59.577698 | L101: -18.233641 | M101: -13.201433 | N101: 63.834642 | O101: 14 | P101: 0.61850391 | S101: FB | T101: 1 | U101: K | AB101: CB | AD101: Michael Chang
A102: 303 | B102: 46197 | C102: 0.62318287 | D102: Jackson Orr | E102: FB | F102: 82.321871 | G102: 2111.8711 | H102: 1 | J102: Michael Chang | S102: SL | T102: 0 | AB102: CB | AD102: Aidan Young
...

Sheet Samples (P)
B1: Live AB Stats
B2: REAGAN SAMPLES
B3: Date | C3: 46193 | D3: 46200 | E3: 46214 | F3: 46221 | G3: 46228 | K3: Totals
B4: Opponent | C4: Live AB | D4: Live AB | E4: Live AB | F4: Live AB | G4: Live AB
A5: General | B5: IP | C5: 2 | D5: 4 | E5: 3 | F5: 3 | G5: 3 | H5: 0 | I5: 0 | J5: 0 | K5: 0 | L5: 0 | M5: 0
B6: TP | C6: 38 | D6: 56 | E6: 62 | F6: 48 | G6: 54 | H6: 0 | I6: 0 | J6: 0 | K6: 0 | L6: 0 | M6: 0
B7: B | C7: 16 | D7: 18 | E7: 25 | F7: 19 | G7: 27 | H7: 0 | I7: 0 | J7: 0 | K7: 0 | L7: 0 | M7: 0
B8: S | C8: 22 | D8: 38 | E8: 37 | F8: 29 | G8: 27 | H8: 0 | I8: 0 | J8: 0 | K8: 0 | L8: 0 | M8: 0
B9: K% | C9: =C8/C6 -> 0.57894737 | D9: =D8/D6 -> 0.67857143 | E9: =E8/E6 -> 0.59677419 | F9: =F8/F6 -> 0.60416667 | G9: =G8/G6 -> 0.5 | H9: =H8/H6 -> #DIV/0! | I9: =I8/I6 -> #DIV/0! | J9: =J8/J6 -> #DIV/0! | ... M9: =M8/M6 -> #DIV/0!
B10: P/IP | C10: =C6/C5 -> 19 | D10: =D6/D5 -> 14 | E10: =E6/E5 -> 20.666667 | F10: =F6/F5 -> 16 | G10: =G6/G5 -> 18 | H10: =H6/H5 -> #DIV/0! | I10: =I6/I5 -> #DIV/0! | J10: =J6/J5 -> #DIV/0! | ... M10: =M6/M5 -> #DIV/0!
B11: P/PA | C11: =C6/C12 -> 4.75 | D11: =D6/D12 -> 3.5 | E11: =E6/E12 -> 4.7692308 | F11: =F6/F12 -> 3.6923077 | G11: =G6/G12 -> 4.1538462 | H11: =H6/H12 -> #DIV/0! | I11: =I6/I12 -> #DIV/0! | J11: =J6/J12 -> #DIV/0! | ... M11: =M6/M12 -> #DIV/0!
B12: BF | C12: 8 | D12: 16 | E12: 13 | F12: 13 | G12: 13 | H12: 0 | I12: 0 | J12: 0 | K12: 0 | L12: 0 | M12: 0
B13: H | C13: 2 | D13: 3 | E13: 2 | F13: 3 | G13: 2 | H13: 0 | I13: 0 | J13: 0 | K13: 0 | L13: 0 | M13: 0
B14: BB | C14: 1 | D14: 0 | E14: 2 | F14: 1 | G14: 4 | H14: 0 | I14: 0 | J14: 0 | K14: 0 | L14: 0 | M14: 0
B15: BB% | C15: =C14/C12 -> 0.125 | D15: =D14/D12 -> 0 | E15: =E14/E12 -> 0.15384615 | F15: =F14/F12 -> 0.076923077 | G15: =G14/G12 -> 0.30769231 | H15: =H14/H12 -> #DIV/0! | I15: =I14/I12 -> #DIV/0! | J15: =J14/J12 -> #DIV/0! | ... M15: =M14/M12 -> #DIV/0!
B16: BB/7 | C16: =(C14/C5)*7 -> 3.5 | D16: =(D14/D5)*7 -> 0 | E16: =(E14/E5)*7 -> 4.6666667 | F16: =(F14/F5)*7 -> 2.3333333 | G16: =(G14/G5)*7 -> 9.3333333 | H16: =(H14/H5)*7 -> #DIV/0! | I16: =(I14/I5)*7 -> #DIV/0! | J16: =(J14/J5)*7 -> #DIV/0! | ... M16: =(M14/M5)*7 -> #DIV/0!
B17: HBP | C17: 0 | D17: 1 | E17: 0 | F17: 0 | G17: 0 | H17: 0 | I17: 0 | J17: 0 | K17: 0 | L17: 0 | M17: 0
B18: WHIP | C18: =(C14+C13)/C5 -> 1.5 | D18: =(D14+D13)/D5 -> 0.75 | E18: =(E14+E13)/E5 -> 1.3333333 | F18: =(F14+F13)/F5 -> 1.3333333 | G18: =(G14+G13)/G5 -> 2 | H18: =(H14+H13)/H5 -> #DIV/0! | I18: =(I14+I13)/I5 -> #DIV/0! | J18: =(J14+J13)/J5 -> #DIV/0! | ... M18: =(M14+M13)/M5 -> #DIV/0!
B19: KS | C19: 2 | D19: 5 | E19: 3 | F19: 2 | G19: 0 | H19: 0 | I19: 0 | J19: 0 | K19: 0 | L19: 0 | M19: 0
B20: KL | C20: 0 | D20: 0 | E20: 0 | F20: 1 | G20: 0 | H20: 0 | I20: 0 | J20: 0 | K20: 0 | L20: 0 | M20: 0
B21: K/7 | C21: =((C19+C20)/C5)*7 -> 7 | D21: =((D19+D20)/D5)*7 -> 8.75 | E21: =((E19+E20)/E5)*7 -> 7 | F21: =((F19+F20)/F5)*7 -> 7 | G21: =((G19+G20)/G5)*7 -> 0 | H21: =((H19+H20)/H5)*7 -> #DIV/0! | I21: =((I19+I20)/I5)*7 -> #DIV/0! | J21: =((J19+J20)/J5)*7 -> #DIV/0! | ... M21: =((M19+M20)/M5)*7 -> #DIV/0!
B22: K% | C22: =(C19+C20)/C12 -> 0.25 | D22: =(D19+D20)/D12 -> 0.3125 | E22: =(E19+E20)/E12 -> 0.23076923 | F22: =(F19+F20)/F12 -> 0.23076923 | G22: =(G19+G20)/G12 -> 0 | H22: =(H19+H20)/H12 -> #DIV/0! | I22: =(I19+I20)/I12 -> #DIV/0! | J22: =(J19+J20)/J12 -> #DIV/0! | ... M22: =(M19+M20)/M12 -> #DIV/0!
B23: K/BB | C23: =(C19+C20)/C14 -> 2 | D23: =(D19+D20)/D14 -> #DIV/0! | E23: =(E19+E20)/E14 -> 1.5 | F23: =(F19+F20)/F14 -> 3 | G23: =(G19+G20)/G14 -> 0 | H23: =(H19+H20)/H14 -> #DIV/0! | I23: =(I19+I20)/I14 -> #DIV/0! | J23: =(J19+J20)/J14 -> #DIV/0! | ... M23: =(M19+M20)/M14 -> #DIV/0!
B24: K%-BB% | C24: =C22-C15 -> 0.125 | D24: =D22-D15 -> 0.3125 | E24: =E22-E15 -> 0.076923077 | F24: =F22-F15 -> 0.15384615 | G24: =G22-G15 -> -0.30769231 | H24: =H22-H15 -> #DIV/0! | I24: =I22-I15 -> #DIV/0! | J24: =J22-J15 -> #DIV/0! | ... M24: =M22-M15 -> #DIV/0!
B25: BAA | C25: =C13/(C12-C14-C17) -> 0.28571429 | D25: =D13/(D12-D14-D17) -> 0.2 | E25: =E13/(E12-E14-E17) -> 0.18181818 | F25: =F13/(F12-F14-F17) -> 0.25 | G25: =G13/(G12-G14-G17) -> 0.22222222 | H25: =H13/(H12-H14-H17) -> #DIV/0! | I25: =I13/(I12-I14-I17) -> #DIV/0! | J25: =J13/(J12-J14-J17) -> #DIV/0! | ... M25: =M13/(M12-M14-M17) -> #DIV/0!
A26: Efficiency | B26: FPS | C26: 2 | D26: 12 | E26: 5 | F26: 8 | G26: 7 | H26: 0 | I26: 0 | J26: 0 | K26: 0 | L26: 0 | M26: 0
B27: FPS% | C27: =C26/C12 -> 0.25 | D27: =D26/D12 -> 0.75 | E27: =E26/E12 -> 0.38461538 | F27: =F26/F12 -> 0.61538462 | G27: =G26/G12 -> 0.53846154 | H27: =H26/H12 -> #DIV/0! | I27: =I26/I12 -> #DIV/0! | J27: =J26/J12 -> #DIV/0! | ... M27: =M26/M12 -> #DIV/0!
B28: 2/3K | C28: 5 | D28: 9 | E28: 8 | F28: 6 | G28: 5 | H28: 0 | I28: 0 | J28: 0 | K28: 0 | L28: 0 | M28: 0
B29: 2/3K% | C29: =C28/C12 -> 0.625 | D29: =D28/D12 -> 0.5625 | E29: =E28/E12 -> 0.61538462 | F29: =F28/F12 -> 0.46153846 | G29: =G28/G12 -> 0.38461538 | H29: =H28/H12 -> #DIV/0! | I29: =I28/I12 -> #DIV/0! | J29: =J28/J12 -> #DIV/0! | ... M29: =M28/M12 -> #DIV/0!
B30: <3P | C30: 2 | D30: 7 | E30: 4 | F30: 7 | G30: 5 | H30: 0 | I30: 0 | J30: 0 | K30: 0 | L30: 0 | M30: 0
B31: <3P% | C31: =C30/C12 -> 0.25 | D31: =D30/D12 -> 0.4375 | E31: =E30/E12 -> 0.30769231 | F31: =F30/F12 -> 0.53846154 | G31: =G30/G12 -> 0.38461538 | H31: =H30/H12 -> #DIV/0! | I31: =I30/I12 -> #DIV/0! | J31: =J30/J12 -> #DIV/0! | ... M31: =M30/M12 -> #DIV/0!
B32: 3BC | C32: 3 | D32: 3 | E32: 3 | F32: 4 | G32: 5 | H32: 0 | I32: 0 | J32: 0 | K32: 0 | L32: 0 | M32: 0
B33: 3BC% | C33: =C32/C12 -> 0.375 | D33: =D32/D12 -> 0.1875 | E33: =E32/E12 -> 0.23076923 | F33: =F32/F12 -> 0.30769231 | G33: =G32/G12 -> 0.38461538 | H33: =H32/H12 -> #DIV/0! | I33: =I32/I12 -> #DIV/0! | J33: =J32/J12 -> #DIV/0! | ... M33: =M32/M12 -> #DIV/0!
A34: Usages/Strike Percentages | B34: TFB | C34: 13 | D34: 24 | E34: 30 | F34: 22 | G34: 24 | H34: 0 | I34: 0 | J34: 0 | K34: 0 | L34: 0 | M34: 0
B35: FBK | C35: 6 | D35: 17 | E35: 23 | F35: 12 | G35: 14 | H35: 0 | I35: 0 | J35: 0 | K35: 0 | L35: 0 | M35: 0
B36: FB% | C36: =C34/C6 -> 0.34210526 | D36: =D34/D6 -> 0.42857143 | E36: =E34/E6 -> 0.48387097 | F36: =F34/F6 -> 0.45833333 | G36: =G34/G6 -> 0.44444444 | H36: =H34/H6 -> #DIV/0! | I36: =I34/I6 -> #DIV/0! | J36: =J34/J6 -> #DIV/0! | ... M36: =M34/M6 -> #DIV/0!
B37: FBK% | C37: =C35/C34 -> 0.46153846 | D37: =D35/D34 -> 0.70833333 | E37: =E35/E34 -> 0.76666667 | F37: =F35/F34 -> 0.54545455 | G37: =G35/G34 -> 0.58333333 | H37: =H35/H34 -> #DIV/0! | I37: =I35/I34 -> #DIV/0! | J37: =J35/J34 -> #DIV/0! | ... M37: =M35/M34 -> #DIV/0!
B38: TSL | C38: 14 | D38: 18 | E38: 26 | F38: 20 | G38: 17 | H38: 0 | I38: 0 | J38: 0 | K38: 0 | L38: 0 | M38: 0
B39: SLK | C39: 9 | D39: 12 | E39: 13 | F39: 11 | G39: 7 | H39: 0 | I39: 0 | J39: 0 | K39: 0 | L39: 0 | M39: 0
B40: SL% | C40: =C38/C6 -> 0.36842105 | D40: =D38/D6 -> 0.32142857 | E40: =E38/E6 -> 0.41935484 | F40: =F38/F6 -> 0.41666667 | G40: =G38/G6 -> 0.31481481 | H40: =H38/H6 -> #DIV/0! | I40: =I38/I6 -> #DIV/0! | J40: =J38/J6 -> #DIV/0! | ... M40: =M38/M6 -> #DIV/0!
B41: SLK% | C41: =C39/C38 -> 0.64285714 | D41: =D39/D38 -> 0.66666667 | E41: =E39/E38 -> 0.5 | F41: =F39/F38 -> 0.55 | G41: =G39/G38 -> 0.41176471 | H41: =H39/H38 -> #DIV/0! | I41: =I39/I38 -> #DIV/0! | J41: =J39/J38 -> #DIV/0! | ... M41: =M39/M38 -> #DIV/0!
B42: TCH | C42: 0 | D42: 3 | E42: 0 | F42: 5 | G42: 8 | H42: 0 | I42: 0 | J42: 0 | K42: 0 | L42: 0 | M42: 0
B43: CHK | C43: 0 | D43: 3 | E43: 0 | F43: 5 | G43: 5 | H43: 0 | I43: 0 | J43: 0 | K43: 0 | L43: 0 | M43: 0
B44: CH% | C44: =C42/C6 -> 0 | D44: =D42/D6 -> 0.053571429 | E44: =E42/E6 -> 0 | F44: =F42/F6 -> 0.10416667 | G44: =G42/G6 -> 0.14814815 | H44: =H42/H6 -> #DIV/0! | I44: =I42/I6 -> #DIV/0! | J44: =J42/J6 -> #DIV/0! | ... M44: =M42/M6 -> #DIV/0!
B45: CHK% | C45: =C43/C42 -> #DIV/0! | D45: =D43/D42 -> 1 | E45: =E43/E42 -> #DIV/0! | F45: =F43/F42 -> 1 | G45: =G43/G42 -> 0.625 | H45: =H43/H42 -> #DIV/0! | I45: =I43/I42 -> #DIV/0! | J45: =J43/J42 -> #DIV/0! | ... M45: =M43/M42 -> #DIV/0!
B46: TSP | C46: 11 | D46: 11 | E46: 6 | F46: 1 | G46: 5 | H46: 0 | I46: 0 | J46: 0 | K46: 0 | L46: 0 | M46: 0
B47: SPK | C47: 7 | D47: 6 | E47: 1 | F47: 1 | G47: 1 | H47: 0 | I47: 0 | J47: 0 | K47: 0 | L47: 0 | M47: 0
B48: SP% | C48: =C46/C6 -> 0.28947368 | D48: =D46/D6 -> 0.19642857 | E48: =E46/E6 -> 0.096774194 | F48: =F46/F6 -> 0.020833333 | G48: =G46/G6 -> 0.092592593 | H48: =H46/H6 -> #DIV/0! | I48: =I46/I6 -> #DIV/0! | J48: =J46/J6 -> #DIV/0! | ... M48: =M46/M6 -> #DIV/0!
B49: SPK% | C49: =C47/C46 -> 0.63636364 | D49: =D47/D46 -> 0.54545455 | E49: =E47/E46 -> 0.16666667 | F49: =F47/F46 -> 1 | G49: =G47/G46 -> 0.2 | H49: =H47/H46 -> #DIV/0! | I49: =I47/I46 -> #DIV/0! | J49: =J47/J46 -> #DIV/0! | ... M49: =M47/M46 -> #DIV/0!
A50: Swing/Miss Percentages | B50: TFB SW | C50: 5 | D50: 13 | E50: 18 | F50: 5 | G50: 11 | H50: 0 | I50: 0 | J50: 0 | K50: 0 | L50: 0 | M50: 0
B51: FB SW/M | C51: 1 | D51: 1 | E51: 5 | F51: 0 | G51: 3 | H51: 0 | I51: 0 | J51: 0 | K51: 0 | L51: 0 | M51: 0
B52: FB SW/M% | C52: =C51/C50 -> 0.2 | D52: =D51/D50 -> 0.076923077 | E52: =E51/E50 -> 0.27777778 | F52: =F51/F50 -> 0 | G52: =G51/G50 -> 0.27272727 | H52: =H51/H50 -> #DIV/0! | I52: =I51/I50 -> #DIV/0! | J52: =J51/J50 -> #DIV/0! | ... M52: =M51/M50 -> #DIV/0!
B53: TSL SW | C53: 7 | D53: 11 | E53: 11 | F53: 9 | G53: 5 | H53: 0 | I53: 0 | J53: 0 | K53: 0 | L53: 0 | M53: 0
B54: SL SW/M | C54: 4 | D54: 7 | E54: 3 | F54: 1 | G54: 2 | H54: 0 | I54: 0 | J54: 0 | K54: 0 | L54: 0 | M54: 0
B55: SL SW/M% | C55: =C54/C53 -> 0.57142857 | D55: =D54/D53 -> 0.63636364 | E55: =E54/E53 -> 0.27272727 | F55: =F54/F53 -> 0.11111111 | G55: =G54/G53 -> 0.4 | H55: =H54/H53 -> #DIV/0! | I55: =I54/I53 -> #DIV/0! | J55: =J54/J53 -> #DIV/0! | ... M55: =M54/M53 -> #DIV/0!
B56: TCH SW | C56: 0 | D56: 3 | E56: 0 | F56: 5 | G56: 5 | H56: 0 | I56: 0 | J56: 0 | K56: 0 | L56: 0 | M56: 0
B57: CH SW/M | C57: 0 | D57: 1 | E57: 0 | F57: 2 | G57: 1 | H57: 0 | I57: 0 | J57: 0 | K57: 0 | L57: 0 | M57: 0
B58: CH SW/M% | C58: =C57/C56 -> #DIV/0! | D58: =D57/D56 -> 0.33333333 | E58: =E57/E56 -> #DIV/0! | F58: =F57/F56 -> 0.4 | G58: =G57/G56 -> 0.2 | H58: =H57/H56 -> #DIV/0! | I58: =I57/I56 -> #DIV/0! | J58: =J57/J56 -> #DIV/0! | ... M58: =M57/M56 -> #DIV/0!
B59: TSP SW | C59: 5 | D59: 5 | E59: 1 | F59: 1 | G59: 1 | H59: 0 | I59: 0 | J59: 0 | K59: 0 | L59: 0 | M59: 0
B60: SP SW/M | C60: 3 | D60: 1 | E60: 0 | F60: 0 | G60: 0 | H60: 0 | I60: 0 | J60: 0 | K60: 0 | L60: 0 | M60: 0
B61: SP SW/M% | C61: =C60/C59 -> 0.6 | D61: =D60/D59 -> 0.2 | E61: =E60/E59 -> 0 | F61: =F60/F59 -> 0 | G61: =G60/G59 -> 0 | H61: =H60/H59 -> #DIV/0! | I61: =I60/I59 -> #DIV/0! | J61: =J60/J59 -> #DIV/0! | ... M61: =M60/M59 -> #DIV/0!
A62: Metrics | B62: Avg FB Velo | C62: =AVERAGEIFS($F$94:$F$413,$B$94:$B$413,C$3,$E$94:$E$413,"FB") -> 82.861795 | D62: =AVERAGEIFS($F$94:$F$413,$B$94:$B$413,D$3,$E$94:$E$413,"FB") -> 82.995451 | E62: =AVERAGEIFS($F$94:$F$413,$B$94:$B$413,E$3,$E$94:$E$413,"FB") -> 83.533682 | F62: =AVERAGEIFS($F$94:$F$413,$B$94:$B$413,F$3,$E$94:$E$413,"FB") -> 84.097787 | G62: =AVERAGEIFS($F$94:$F$413,$B$94:$B$413,G$3,$E$94:$E$413,"FB") -> 81.002901 | H62: =AVERAGEIFS($F$94:$F$413,$B$94:$B$413,H$3,$E$94:$E$413,"FB") -> #DIV/0! | I62: =AVERAGEIFS($F$94:$F$413,$B$94:$B$413,I$3,$E$94:$E$413,"FB") -> #DIV/0! | J62: =AVERAGEIFS($F$94:$F$413,$B$94:$B$413,J$3,$E$94:$E$413,"FB") -> #DIV/0! | K62: =AVERAGEIFS(F94:F412, E94:E412,"FB") -> 82.996534
B63: Min FB Velo | C63: =_xlfn.MINIFS($F$94:$F$413,$B$94:$B$413,C$3,$E$94:$E$413,"FB") -> 80.527435 | D63: =_xlfn.MINIFS($F$94:$F$413,$B$94:$B$413,D$3,$E$94:$E$413,"FB") -> 80.924435 | E63: =_xlfn.MINIFS($F$94:$F$413,$B$94:$B$413,E$3,$E$94:$E$413,"FB") -> 80.781512 | F63: =_xlfn.MINIFS($F$94:$F$413,$B$94:$B$413,F$3,$E$94:$E$413,"FB") -> 82.194837 | G63: =_xlfn.MINIFS($F$94:$F$413,$B$94:$B$413,G$3,$E$94:$E$413,"FB") -> 75.271159 | H63: =_xlfn.MINIFS($F$94:$F$413,$B$94:$B$413,H$3,$E$94:$E$413,"FB") -> 0 | I63: =_xlfn.MINIFS($F$94:$F$413,$B$94:$B$413,I$3,$E$94:$E$413,"FB") -> 0 | J63: =_xlfn.MINIFS($F$94:$F$413,$B$94:$B$413,J$3,$E$94:$E$413,"FB") -> 0 | K63: =_xlfn.MINIFS(F94:F412, E94:E412,"FB") -> 75.271159
B64: Max FB Velo | C64: =_xlfn.MAXIFS($F$94:$F$413,$B$94:$B$413,C$3,$E$94:$E$413,"FB") -> 86.196591 | D64: =_xlfn.MAXIFS($F$94:$F$413,$B$94:$B$413,D$3,$E$94:$E$413,"FB") -> 84.799154 | E64: =_xlfn.MAXIFS($F$94:$F$413,$B$94:$B$413,E$3,$E$94:$E$413,"FB") -> 85.75195 | F64: =_xlfn.MAXIFS($F$94:$F$413,$B$94:$B$413,F$3,$E$94:$E$413,"FB") -> 85.863112 | G64: =_xlfn.MAXIFS($F$94:$F$413,$B$94:$B$413,G$3,$E$94:$E$413,"FB") -> 83.211154 | H64: =_xlfn.MAXIFS($F$94:$F$413,$B$94:$B$413,H$3,$E$94:$E$413,"FB") -> 0 | I64: =_xlfn.MAXIFS($F$94:$F$413,$B$94:$B$413,I$3,$E$94:$E$413,"FB") -> 0 | J64: =_xlfn.MAXIFS($F$94:$F$413,$B$94:$B$413,J$3,$E$94:$E$413,"FB") -> 0 | K64: =_xlfn.MAXIFS(F94:F412, E94:E412,"FB") -> 86.196591
B65: Avg FB RPM | C65: =AVERAGEIFS($G$94:$G$413,$B$94:$B$413,C$3,$E$94:$E$413,"FB") -> 1783.6334 | D65: =AVERAGEIFS($G$95:$G$413,$B$95:$B$413,D$3,$E$95:$E$413,"FB") -> 1882.9975 | E65: =AVERAGEIFS($G$95:$G$413,$B$95:$B$413,E$3,$E$95:$E$413,"FB") -> 1856.6946 | F65: =AVERAGEIFS($G$95:$G$413,$B$95:$B$413,F$3,$E$95:$E$413,"FB") -> 2066.2122 | G65: =AVERAGEIFS($G$95:$G$413,$B$95:$B$413,G$3,$E$95:$E$413,"FB") -> 1853.9105 | H65: =AVERAGEIFS($G$95:$G$413,$B$95:$B$413,H$3,$E$95:$E$413,"FB") -> #DIV/0! | I65: =AVERAGEIFS($G$95:$G$413,$B$95:$B$413,I$3,$E$95:$E$413,"FB") -> #DIV/0! | J65: =AVERAGEIFS($G$95:$G$413,$B$95:$B$413,J$3,$E$95:$E$413,"FB") -> #DIV/0! | K65: =AVERAGEIFS(G94:G412, E94:E412,"FB") -> 1892.5692
B66: Avg FB 2 Velo | C66: =AVERAGEIFS($F$94:$F$413,$B$94:$B$413,C$3,$E$94:$E$413,"FB 2") -> 79.868417 | D66: =AVERAGEIFS($F$94:$F$413,$B$94:$B$413,D$3,$E$94:$E$413,"FB 2") -> #DIV/0! | E66: =AVERAGEIFS($F$94:$F$413,$B$94:$B$413,E$3,$E$94:$E$413,"FB 2") -> 76.541561 | F66: =AVERAGEIFS($F$94:$F$413,$B$94:$B$413,F$3,$E$94:$E$413,"FB 2") -> 77.450688 | G66: =AVERAGEIFS($F$94:$F$413,$B$94:$B$413,G$3,$E$94:$E$413,"FB 2") -> 76.110528 | H66: =AVERAGEIFS($F$94:$F$413,$B$94:$B$413,H$3,$E$94:$E$413,"FB 2") -> #DIV/0! | I66: =AVERAGEIFS($F$94:$F$413,$B$94:$B$413,I$3,$E$94:$E$413,"FB 2") -> #DIV/0! | J66: =AVERAGEIFS($F$94:$F$413,$B$94:$B$413,J$3,$E$94:$E$413,"FB 2") -> #DIV/0! | K66: =AVERAGEIFS(F94:F412, E94:E412,"FB 2") -> 77.06106
B67: Min FB 2 Velo | C67: =_xlfn.MINIFS($F$94:$F$413,$B$94:$B$413,C$3,$E$94:$E$413,"FB 2") -> 78.701237 | D67: =_xlfn.MINIFS($F$94:$F$413,$B$94:$B$413,D$3,$E$94:$E$413,"FB 2") -> 0 | E67: =_xlfn.MINIFS($F$94:$F$413,$B$94:$B$413,E$3,$E$94:$E$413,"FB 2") -> 76.541561 | F67: =_xlfn.MINIFS($F$94:$F$413,$B$94:$B$413,F$3,$E$94:$E$413,"FB 2") -> 76.160442 | G67: =_xlfn.MINIFS($F$94:$F$413,$B$94:$B$413,G$3,$E$94:$E$413,"FB 2") -> 74.365996 | H67: =_xlfn.MINIFS($F$94:$F$413,$B$94:$B$413,H$3,$E$94:$E$413,"FB 2") -> 0 | I67: =_xlfn.MINIFS($F$94:$F$413,$B$94:$B$413,I$3,$E$94:$E$413,"FB 2") -> 0 | J67: =_xlfn.MINIFS($F$94:$F$413,$B$94:$B$413,J$3,$E$94:$E$413,"FB 2") -> 0 | K67: =_xlfn.MINIFS(F94:F412, E94:E412,"FB 2") -> 74.365996
B68: Max FB 2 Velo | C68: =_xlfn.MAXIFS($F$94:$F$413,$B$94:$B$413,C$3,$E$94:$E$413,"FB 2") -> 81.035597 | D68: =_xlfn.MAXIFS($F$94:$F$413,$B$94:$B$413,D$3,$E$94:$E$413,"FB 2") -> 0 | E68: =_xlfn.MAXIFS($F$94:$F$413,$B$94:$B$413,E$3,$E$94:$E$413,"FB 2") -> 76.541561 | F68: =_xlfn.MAXIFS($F$94:$F$413,$B$94:$B$413,F$3,$E$94:$E$413,"FB 2") -> 78.367759 | G68: =_xlfn.MAXIFS($F$94:$F$413,$B$94:$B$413,G$3,$E$94:$E$413,"FB 2") -> 78.129553 | H68: =_xlfn.MAXIFS($F$94:$F$413,$B$94:$B$413,H$3,$E$94:$E$413,"FB 2") -> 0 | I68: =_xlfn.MAXIFS($F$94:$F$413,$B$94:$B$413,I$3,$E$94:$E$413,"FB 2") -> 0 | J68: =_xlfn.MAXIFS($F$94:$F$413,$B$94:$B$413,J$3,$E$94:$E$413,"FB 2") -> 0 | K68: =_xlfn.MAXIFS(F94:F412, E94:E412,"FB 2") -> 81.035597
B69: Avg FB 2 RPM | C69: =AVERAGEIFS($G$94:$G$413,$B$94:$B$413,C$3,$E$94:$E$413,"FB 2") -> 2064.3695 | D69: =AVERAGEIFS($G$94:$G$413,$B$94:$B$413,D$3,$E$94:$E$413,"FB 2") -> #DIV/0! | E69: =AVERAGEIFS($G$94:$G$413,$B$94:$B$413,E$3,$E$94:$E$413,"FB 2") -> 1895.5398 | F69: =AVERAGEIFS($G$94:$G$413,$B$94:$B$413,F$3,$E$94:$E$413,"FB 2") -> 1738.8698 | G69: =AVERAGEIFS($G$94:$G$413,$B$94:$B$413,G$3,$E$94:$E$413,"FB 2") -> 1792.0417 | H69: =AVERAGEIFS($G$94:$G$413,$B$94:$B$413,H$3,$E$94:$E$413,"FB 2") -> #DIV/0! | I69: =AVERAGEIFS($G$94:$G$413,$B$94:$B$413,I$3,$E$94:$E$413,"FB 2") -> #DIV/0! | J69: =AVERAGEIFS($G$94:$G$413,$B$94:$B$413,J$3,$E$94:$E$413,"FB 2") -> #DIV/0! | K69: =AVERAGEIFS(G94:G412, E94:E412,"FB 2") -> 1823.1464
B70: Avg SL Velo | C70: =AVERAGEIFS($F$94:$F$413,$B$94:$B$413,C$3,$E$94:$E$413,"SL") -> 72.324286 | D70: =AVERAGEIFS($F$95:$F$413,$B$95:$B$413,D$3,$E$95:$E$413,"SL") -> 74.017521 | E70: =AVERAGEIFS($F$95:$F$413,$B$95:$B$413,E$3,$E$95:$E$413,"SL") -> 72.477502 | F70: =AVERAGEIFS($F$95:$F$413,$B$95:$B$413,F$3,$E$95:$E$413,"SL") -> 71.560799 | G70: =AVERAGEIFS($F$95:$F$413,$B$95:$B$413,G$3,$E$95:$E$413,"SL") -> 71.403914 | H70: =AVERAGEIFS($F$95:$F$413,$B$95:$B$413,H$3,$E$95:$E$413,"SL") -> #DIV/0! | I70: =AVERAGEIFS($F$95:$F$413,$B$95:$B$413,I$3,$E$95:$E$413,"SL") -> #DIV/0! | J70: =AVERAGEIFS($F$95:$F$413,$B$95:$B$413,J$3,$E$95:$E$413,"SL") -> #DIV/0! | K70: =AVERAGEIFS(F98:F416, E98:E416,"SL") -> 72.371878
B71: Min SL Velo | C71: =_xlfn.MINIFS($F$94:$F$413,$B$94:$B$413,C$3,$E$94:$E$413,"SL") -> 69.999003 | D71: =_xlfn.MINIFS($F$95:$F$413,$B$95:$B$413,D$3,$E$95:$E$413,"SL") -> 72.349243 | E71: =_xlfn.MINIFS($F$95:$F$413,$B$95:$B$413,E$3,$E$95:$E$413,"SL") -> 68.919161 | F71: =_xlfn.MINIFS($F$95:$F$413,$B$95:$B$413,F$3,$E$95:$E$413,"SL") -> 69.046203 | G71: =_xlfn.MINIFS($F$95:$F$413,$B$95:$B$413,G$3,$E$95:$E$413,"SL") -> 65.552604 | H71: =_xlfn.MINIFS($F$95:$F$413,$B$95:$B$413,H$3,$E$95:$E$413,"SL") -> 0 | I71: =_xlfn.MINIFS($F$95:$F$413,$B$95:$B$413,I$3,$E$95:$E$413,"SL") -> 0 | J71: =_xlfn.MINIFS($F$95:$F$413,$B$95:$B$413,J$3,$E$95:$E$413,"SL") -> 0 | K71: =_xlfn.MINIFS(F98:F416, E98:E416,"SL") -> 65.552604
B72: Max SL Velo | C72: =_xlfn.MAXIFS($F$94:$F$413,$B$94:$B$413,C$3,$E$94:$E$413,"SL") -> 74.874159 | D72: =_xlfn.MAXIFS($F$95:$F$413,$B$95:$B$413,D$3,$E$95:$E$413,"SL") -> 75.398202 | E72: =_xlfn.MAXIFS($F$95:$F$413,$B$95:$B$413,E$3,$E$95:$E$413,"SL") -> 75.779322 | F72: =_xlfn.MAXIFS($F$95:$F$413,$B$95:$B$413,F$3,$E$95:$E$413,"SL") -> 74.842398 | G72: =_xlfn.MAXIFS($F$95:$F$413,$B$95:$B$413,G$3,$E$95:$E$413,"SL") -> 75.144116 | H72: =_xlfn.MAXIFS($F$95:$F$413,$B$95:$B$413,H$3,$E$95:$E$413,"SL") -> 0 | I72: =_xlfn.MAXIFS($F$95:$F$413,$B$95:$B$413,I$3,$E$95:$E$413,"SL") -> 0 | J72: =_xlfn.MAXIFS($F$95:$F$413,$B$95:$B$413,J$3,$E$95:$E$413,"SL") -> 0 | K72: =_xlfn.MAXIFS(F98:F416, E98:E416,"SL") -> 75.779322
B73: Avg SL RPM | C73: =AVERAGEIFS($G$94:$G$413,$B$94:$B$413,C$3,$E$94:$E$413,"SL") -> 1793.3248 | D73: =AVERAGEIFS($G$95:$G$413,$B$95:$B$413,D$3,$E$95:$E$413,"SL") -> 1584.9345 | E73: =AVERAGEIFS($G$95:$G$413,$B$95:$B$413,E$3,$E$95:$E$413,"SL") -> 1824.0639 | F73: =AVERAGEIFS($G$95:$G$413,$B$95:$B$413,F$3,$E$95:$E$413,"SL") -> 1901.4282 | G73: =AVERAGEIFS($G$95:$G$413,$B$95:$B$413,G$3,$E$95:$E$413,"SL") -> 1857.4831 | H73: =AVERAGEIFS($G$95:$G$413,$B$95:$B$413,H$3,$E$95:$E$413,"SL") -> #DIV/0! | I73: =AVERAGEIFS($G$95:$G$413,$B$95:$B$413,I$3,$E$95:$E$413,"SL") -> #DIV/0! | J73: =AVERAGEIFS($G$95:$G$413,$B$95:$B$413,J$3,$E$95:$E$413,"SL") -> #DIV/0! | K73: =AVERAGEIFS(G98:G416, E98:E416,"SL") -> 1792.5481
B74: Avg SL 2 Velo | C74: =AVERAGEIFS($F$94:$F$413,$B$94:$B$413,C$3,$E$94:$E$413,"SL 2") -> #DIV/0! | D74: =AVERAGEIFS($F$95:$F$413,$B$95:$B$413,D$3,$E$95:$E$413,"SL 2") -> #DIV/0! | E74: =AVERAGEIFS($F$95:$F$413,$B$95:$B$413,E$3,$E$95:$E$413,"SL 2") -> #DIV/0! | F74: =AVERAGEIFS($F$95:$F$413,$B$95:$B$413,F$3,$E$95:$E$413,"SL 2") -> #DIV/0! | G74: =AVERAGEIFS($F$95:$F$413,$B$95:$B$413,G$3,$E$95:$E$413,"SL 2") -> #DIV/0! | H74: =AVERAGEIFS($F$95:$F$413,$B$95:$B$413,H$3,$E$95:$E$413,"SL 2") -> #DIV/0! | I74: =AVERAGEIFS($F$95:$F$413,$B$95:$B$413,I$3,$E$95:$E$413,"SL 2") -> #DIV/0! | J74: =AVERAGEIFS($F$95:$F$413,$B$95:$B$413,J$3,$E$95:$E$413,"SL 2") -> #DIV/0! | K74: =AVERAGEIFS(F94:F412, E94:E412,"CB") -> #DIV/0!
B75: Min SL 2 Velo | C75: =_xlfn.MINIFS($F$94:$F$413,$B$94:$B$413,C$3,$E$94:$E$413,"SL 2") -> 0 | D75: =_xlfn.MINIFS($F$95:$F$413,$B$95:$B$413,D$3,$E$95:$E$413,"SL 2") -> 0 | E75: =_xlfn.MINIFS($F$95:$F$413,$B$95:$B$413,E$3,$E$95:$E$413,"SL 2") -> 0 | F75: =_xlfn.MINIFS($F$95:$F$413,$B$95:$B$413,F$3,$E$95:$E$413,"SL 2") -> 0 | G75: =_xlfn.MINIFS($F$95:$F$413,$B$95:$B$413,G$3,$E$95:$E$413,"SL 2") -> 0 | H75: =_xlfn.MINIFS($F$95:$F$413,$B$95:$B$413,H$3,$E$95:$E$413,"SL 2") -> 0 | I75: =_xlfn.MINIFS($F$95:$F$413,$B$95:$B$413,I$3,$E$95:$E$413,"SL 2") -> 0 | J75: =_xlfn.MINIFS($F$95:$F$413,$B$95:$B$413,J$3,$E$95:$E$413,"SL 2") -> 0 | K75: =_xlfn.MINIFS(F94:F412, E94:E412,"CB") -> 0
B76: Max SL 2 Velo | C76: =_xlfn.MAXIFS($F$94:$F$413,$B$94:$B$413,C$3,$E$94:$E$413,"SL 2") -> 0 | D76: =_xlfn.MAXIFS($F$95:$F$413,$B$95:$B$413,D$3,$E$95:$E$413,"SL 2") -> 0 | E76: =_xlfn.MAXIFS($F$95:$F$413,$B$95:$B$413,E$3,$E$95:$E$413,"SL 2") -> 0 | F76: =_xlfn.MAXIFS($F$95:$F$413,$B$95:$B$413,F$3,$E$95:$E$413,"SL 2") -> 0 | G76: =_xlfn.MAXIFS($F$95:$F$413,$B$95:$B$413,G$3,$E$95:$E$413,"SL 2") -> 0 | H76: =_xlfn.MAXIFS($F$95:$F$413,$B$95:$B$413,H$3,$E$95:$E$413,"SL 2") -> 0 | I76: =_xlfn.MAXIFS($F$95:$F$413,$B$95:$B$413,I$3,$E$95:$E$413,"SL 2") -> 0 | J76: =_xlfn.MAXIFS($F$95:$F$413,$B$95:$B$413,J$3,$E$95:$E$413,"SL 2") -> 0 | K76: =_xlfn.MAXIFS(F94:F412, E94:E412,"CB") -> 0
B77: Avg SL 2 RPM | C77: =AVERAGEIFS($G$94:$G$413,$B$94:$B$413,C$3,$E$94:$E$413,"SL 2") -> #DIV/0! | D77: =AVERAGEIFS($G$94:$G$413,$B$94:$B$413,D$3,$E$94:$E$413,"SL 2") -> #DIV/0! | E77: =AVERAGEIFS($G$94:$G$413,$B$94:$B$413,E$3,$E$94:$E$413,"SL 2") -> #DIV/0! | F77: =AVERAGEIFS($G$94:$G$413,$B$94:$B$413,F$3,$E$94:$E$413,"SL 2") -> #DIV/0! | G77: =AVERAGEIFS($G$94:$G$413,$B$94:$B$413,G$3,$E$94:$E$413,"SL 2") -> #DIV/0! | H77: =AVERAGEIFS($G$94:$G$413,$B$94:$B$413,H$3,$E$94:$E$413,"SL 2") -> #DIV/0! | I77: =AVERAGEIFS($G$94:$G$413,$B$94:$B$413,I$3,$E$94:$E$413,"SL 2") -> #DIV/0! | J77: =AVERAGEIFS($G$94:$G$413,$B$94:$B$413,J$3,$E$94:$E$413,"SL 2") -> #DIV/0! | K77: =AVERAGEIFS(G94:G412, E94:E412,"CB") -> #DIV/0!
B78: Avg SP Velo | C78: =AVERAGEIFS($F$94:$F$413,$B$94:$B$413,C$3,$E$94:$E$413,"SP") -> 70.238645 | D78: =AVERAGEIFS($F$94:$F$413,$B$94:$B$413,D$3,$E$94:$E$413,"SP") -> 73.00032 | E78: =AVERAGEIFS($F$94:$F$413,$B$94:$B$413,E$3,$E$94:$E$413,"SP") -> 71.528773 | F78: =AVERAGEIFS($F$94:$F$413,$B$94:$B$413,F$3,$E$94:$E$413,"SP") -> 69.363802 | G78: =AVERAGEIFS($F$94:$F$413,$B$94:$B$413,G$3,$E$94:$E$413,"SP") -> 71.583824 | H78: =AVERAGEIFS($F$94:$F$413,$B$94:$B$413,H$3,$E$94:$E$413,"SP") -> #DIV/0! | I78: =AVERAGEIFS($F$94:$F$413,$B$94:$B$413,I$3,$E$94:$E$413,"SP") -> #DIV/0! | J78: =AVERAGEIFS($F$94:$F$413,$B$94:$B$413,J$3,$E$94:$E$413,"SP") -> #DIV/0! | K78: =AVERAGEIFS(F106:F424, E106:E424,"SP") -> 71.846539
B79: Min SP Velo | C79: =_xlfn.MINIFS($F$94:$F$413,$B$94:$B$413,C$3,$E$94:$E$413,"SP") -> 60.518649 | D79: =_xlfn.MINIFS($F$94:$F$413,$B$94:$B$413,D$3,$E$94:$E$413,"SP") -> 70.316601 | E79: =_xlfn.MINIFS($F$94:$F$413,$B$94:$B$413,E$3,$E$94:$E$413,"SP") -> 68.855643 | F79: =_xlfn.MINIFS($F$94:$F$413,$B$94:$B$413,F$3,$E$94:$E$413,"SP") -> 69.363802 | G79: =_xlfn.MINIFS($F$94:$F$413,$B$94:$B$413,G$3,$E$94:$E$413,"SP") -> 68.141041 | H79: =_xlfn.MINIFS($F$94:$F$413,$B$94:$B$413,H$3,$E$94:$E$413,"SP") -> 0 | I79: =_xlfn.MINIFS($F$94:$F$413,$B$94:$B$413,I$3,$E$94:$E$413,"SP") -> 0 | J79: =_xlfn.MINIFS($F$94:$F$413,$B$94:$B$413,J$3,$E$94:$E$413,"SP") -> 0 | K79: =_xlfn.MINIFS(F106:F424, E106:E424,"SP") -> 67.775801
B80: Max SP Velo | C80: =_xlfn.MAXIFS($F$94:$F$413,$B$94:$B$413,C$3,$E$94:$E$413,"SP") -> 73.111483 | D80: =_xlfn.MAXIFS($F$94:$F$413,$B$94:$B$413,D$3,$E$94:$E$413,"SP") -> 75.33468 | E80: =_xlfn.MAXIFS($F$94:$F$413,$B$94:$B$413,E$3,$E$94:$E$413,"SP") -> 74.318355 | F80: =_xlfn.MAXIFS($F$94:$F$413,$B$94:$B$413,F$3,$E$94:$E$413,"SP") -> 69.363802 | G80: =_xlfn.MAXIFS($F$94:$F$413,$B$94:$B$413,G$3,$E$94:$E$413,"SP") -> 73.36556 | H80: =_xlfn.MAXIFS($F$94:$F$413,$B$94:$B$413,H$3,$E$94:$E$413,"SP") -> 0 | I80: =_xlfn.MAXIFS($F$94:$F$413,$B$94:$B$413,I$3,$E$94:$E$413,"SP") -> 0 | J80: =_xlfn.MAXIFS($F$94:$F$413,$B$94:$B$413,J$3,$E$94:$E$413,"SP") -> 0 | K80: =_xlfn.MAXIFS(F106:F424, E106:E424,"SP") -> 75.33468
B81: Avg SP RPM | C81: =AVERAGEIFS($G$94:$G$413,$B$94:$B$413,C$3,$E$94:$E$413,"SP") -> 487.60674 | D81: =AVERAGEIFS($G$94:$G$413,$B$94:$B$413,D$3,$E$94:$E$413,"SP") -> 468.52743 | E81: =AVERAGEIFS($G$94:$G$413,$B$94:$B$413,E$3,$E$94:$E$413,"SP") -> 777.06433 | F81: =AVERAGEIFS($G$94:$G$413,$B$94:$B$413,F$3,$E$94:$E$413,"SP") -> 375.02029 | G81: =AVERAGEIFS($G$94:$G$413,$B$94:$B$413,G$3,$E$94:$E$413,"SP") -> 605.63541 | H81: =AVERAGEIFS($G$94:$G$413,$B$94:$B$413,H$3,$E$94:$E$413,"SP") -> #DIV/0! | I81: =AVERAGEIFS($G$94:$G$413,$B$94:$B$413,I$3,$E$94:$E$413,"SP") -> #DIV/0! | J81: =AVERAGEIFS($G$94:$G$413,$B$94:$B$413,J$3,$E$94:$E$413,"SP") -> #DIV/0! | K81: =AVERAGEIFS(G106:G424, E106:E424,"SP") -> 552.61595
B82: Avg CH Velo | C82: =AVERAGEIFS($F$94:$F$413,$B$94:$B$413,C$3,$E$94:$E$413,"CH") -> #DIV/0! | D82: =AVERAGEIFS($F$94:$F$413,$B$94:$B$413,D$3,$E$94:$E$413,"CH") -> 73.873721 | E82: =AVERAGEIFS($F$94:$F$413,$B$94:$B$413,E$3,$E$94:$E$413,"CH") -> #DIV/0! | F82: =AVERAGEIFS($F$94:$F$413,$B$94:$B$413,F$3,$E$94:$E$413,"CH") -> 73.187702 | G82: =AVERAGEIFS($F$94:$F$413,$B$94:$B$413,G$3,$E$94:$E$413,"CH") -> 73.581925 | H82: =AVERAGEIFS($F$94:$F$413,$B$94:$B$413,H$3,$E$94:$E$413,"CH") -> #DIV/0! | I82: =AVERAGEIFS($F$94:$F$413,$B$94:$B$413,I$3,$E$94:$E$413,"CH") -> #DIV/0! | J82: =AVERAGEIFS($F$94:$F$413,$B$94:$B$413,J$3,$E$94:$E$413,"CH") -> #DIV/0! | K82: =AVERAGEIFS(F94:F412, E94:E412,"CH") -> 73.513442
B83: Min CH Velo | C83: =_xlfn.MINIFS($F$94:$F$413,$B$94:$B$413,C$3,$E$94:$E$413,"CH") -> 0 | D83: =_xlfn.MINIFS($F$94:$F$413,$B$94:$B$413,D$3,$E$94:$E$413,"CH") -> 71.332922 | E83: =_xlfn.MINIFS($F$94:$F$413,$B$94:$B$413,E$3,$E$94:$E$413,"CH") -> 0 | F83: =_xlfn.MINIFS($F$94:$F$413,$B$94:$B$413,F$3,$E$94:$E$413,"CH") -> 72.539799 | G83: =_xlfn.MINIFS($F$94:$F$413,$B$94:$B$413,G$3,$E$94:$E$413,"CH") -> 72.349243 | H83: =_xlfn.MINIFS($F$94:$F$413,$B$94:$B$413,H$3,$E$94:$E$413,"CH") -> 0 | I83: =_xlfn.MINIFS($F$94:$F$413,$B$94:$B$413,I$3,$E$94:$E$413,"CH") -> 0 | J83: =_xlfn.MINIFS($F$94:$F$413,$B$94:$B$413,J$3,$E$94:$E$413,"CH") -> 0 | K83: =_xlfn.MINIFS(F94:F412, E94:E412,"CH") -> 71.332922
B84: Max CH Velo | C84: =_xlfn.MAXIFS($F$94:$F$413,$B$94:$B$413,C$3,$E$94:$E$413,"CH") -> 0 | D84: =_xlfn.MAXIFS($F$94:$F$413,$B$94:$B$413,D$3,$E$94:$E$413,"CH") -> 75.398202 | E84: =_xlfn.MAXIFS($F$94:$F$413,$B$94:$B$413,E$3,$E$94:$E$413,"CH") -> 0 | F84: =_xlfn.MAXIFS($F$94:$F$413,$B$94:$B$413,F$3,$E$94:$E$413,"CH") -> 73.937235 | G84: =_xlfn.MAXIFS($F$94:$F$413,$B$94:$B$413,G$3,$E$94:$E$413,"CH") -> 75.398202 | H84: =_xlfn.MAXIFS($F$94:$F$413,$B$94:$B$413,H$3,$E$94:$E$413,"CH") -> 0 | I84: =_xlfn.MAXIFS($F$94:$F$413,$B$94:$B$413,I$3,$E$94:$E$413,"CH") -> 0 | J84: =_xlfn.MAXIFS($F$94:$F$413,$B$94:$B$413,J$3,$E$94:$E$413,"CH") -> 0 | K84: =_xlfn.MAXIFS(F94:F412, E94:E412,"CH") -> 75.398202
B85: Avg CH RPM | C85: =AVERAGEIFS($G$94:$G$413,$B$94:$B$413,C$3,$E$94:$E$413,"CH") -> #DIV/0! | D85: =AVERAGEIFS($G$94:$G$413,$B$94:$B$413,D$3,$E$94:$E$413,"CH") -> 2067.6367 | E85: =AVERAGEIFS($G$94:$G$413,$B$94:$B$413,E$3,$E$94:$E$413,"CH") -> #DIV/0! | F85: =AVERAGEIFS($G$94:$G$413,$B$94:$B$413,F$3,$E$94:$E$413,"CH") -> 1602.6578 | G85: =AVERAGEIFS($G$94:$G$413,$B$94:$B$413,G$3,$E$94:$E$413,"CH") -> 1512.2686 | H85: =AVERAGEIFS($G$94:$G$413,$B$94:$B$413,H$3,$E$94:$E$413,"CH") -> #DIV/0! | I85: =AVERAGEIFS($G$94:$G$413,$B$94:$B$413,I$3,$E$94:$E$413,"CH") -> #DIV/0! | J85: =AVERAGEIFS($G$94:$G$413,$B$94:$B$413,J$3,$E$94:$E$413,"CH") -> #DIV/0! | K85: =AVERAGEIFS(G94:G412, E94:E412,"CH") -> 1644.6468
A86: Batted Ball | B86: Avg EV | C86: =AVERAGEIFS($K$95:$K$413,$B$95:$B$413,C$3) -> 81.781474 | D86: =AVERAGEIFS($K$95:$K$413,$B$95:$B$413,D$3) -> 73.883285 | E86: =AVERAGEIFS($K$95:$K$413,$B$95:$B$413,E$3) -> 75.181451 | F86: =AVERAGEIFS($K$95:$K$413,$B$95:$B$413,F$3) -> 78.147731 | G86: =AVERAGEIFS($K$95:$K$413,$B$95:$B$413,G$3) -> 79.34409 | H86: =AVERAGEIFS($K$95:$K$413,$B$95:$B$413,H$3) -> #DIV/0! | I86: =AVERAGEIFS($K$95:$K$413,$B$95:$B$413,I$3) -> #DIV/0! | J86: =AVERAGEIFS($K$95:$K$413,$B$95:$B$413,J$3) -> #DIV/0! | K86: =AVERAGE(K94:K412) -> 77.20542
B87: Avg LA | C87: =AVERAGEIFS($L$95:$L$413,$B$95:$B$413,C$3) -> 7.2233806 | D87: =AVERAGEIFS($L$95:$L$413,$B$95:$B$413,D$3) -> 10.451685 | E87: =AVERAGEIFS($L$95:$L$413,$B$95:$B$413,E$3) -> 7.9377459 | F87: =AVERAGEIFS($L$95:$L$413,$B$95:$B$413,F$3) -> 12.05329 | G87: =AVERAGEIFS($L$95:$L$413,$B$95:$B$413,G$3) -> 9.4754081 | H87: =AVERAGEIFS($L$95:$L$413,$B$95:$B$413,H$3) -> #DIV/0! | I87: =AVERAGEIFS($L$95:$L$413,$B$95:$B$413,I$3) -> #DIV/0! | J87: =AVERAGEIFS($L$95:$L$413,$B$95:$B$413,J$3) -> #DIV/0! | K87: =AVERAGE(L94:L412) -> 9.3797849
B88: Avg Distance | C88: =AVERAGEIFS($O$94:$O$413,$B$94:$B$413,C$3) -> 131.16667 | D88: =AVERAGEIFS($O$94:$O$413,$B$94:$B$413,D$3) -> 178.44444 | E88: =AVERAGEIFS($O$94:$O$413,$B$94:$B$413,E$3) -> 189.15385 | F88: =AVERAGEIFS($O$94:$O$413,$B$94:$B$413,F$3) -> 149.22222 | G88: =AVERAGEIFS($O$94:$O$413,$B$94:$B$413,G$3) -> 134.54545 | H88: =AVERAGEIFS($O$352:$O$413,$B$95:$B$413,H$3) -> #VALUE! | I88: =AVERAGEIFS($O$352:$O$413,$B$95:$B$413,I$3) -> #VALUE! | J88: =AVERAGEIFS($O$352:$O$413,$B$95:$B$413,J$3) -> #VALUE! | K88: =AVERAGE(O382:O412) -> #DIV/0!
B89: Avg SqU% | C89: =AVERAGEIFS($P$94:$P$413,$B$94:$B$413,C$3) -> 0.82259974 | D89: =AVERAGEIFS($P$352:$P$413,$B$95:$B$413,D$3) -> #VALUE! | E89: =AVERAGEIFS($P$352:$P$413,$B$95:$B$413,E$3) -> #VALUE! | F89: =AVERAGEIFS($P$352:$P$413,$B$95:$B$413,F$3) -> #VALUE! | G89: =AVERAGEIFS($P$352:$P$413,$B$95:$B$413,G$3) -> #VALUE! | H89: =AVERAGEIFS($P$352:$P$413,$B$95:$B$413,H$3) -> #VALUE! | I89: =AVERAGEIFS($P$352:$P$413,$B$95:$B$413,I$3) -> #VALUE! | J89: =AVERAGEIFS($P$352:$P$413,$B$95:$B$413,J$3) -> #VALUE! | K89: =AVERAGE(P382:P412) -> #DIV/0!
B90: TSw/M% | C90: =(SUM(C50,C53,C56,C59)/(SUM(C49,C52,C55,C58))) -> #DIV/0! | D90: =(SUM(D50,D53,D56,D59)/(SUM(D49,D52,D55,D58))) -> 20.099561 | E90: =(SUM(E50,E53,E56,E59)/(SUM(E49,E52,E55,E58))) -> #DIV/0! | F90: =(SUM(F50,F53,F56,F59)/(SUM(F49,F52,F55,F58))) -> 13.235294 | G90: =(SUM(C50:F50)+SUM(C53:F53)+SUM(C56:F56)+SUM(C59:F59))/(SUM(C49:F49)+SUM(C52:F52)+SUM(C55:F55)+SUM(C58:F58)) -> #DIV/0! | H90: =(SUM(D50:G50)+SUM(D53:G53)+SUM(D56:G56)+SUM(D59:G59))/(SUM(D49:G49)+SUM(D52:G52)+SUM(D55:G55)+SUM(D58:G58)) -> #DIV/0! | I90: =(SUM(E50:H50)+SUM(E53:H53)+SUM(E56:H56)+SUM(E59:H59))/(SUM(E49:H49)+SUM(E52:H52)+SUM(E55:H55)+SUM(E58:H58)) -> #DIV/0! | J90: =(SUM(F50:I50)+SUM(F53:I53)+SUM(F56:I56)+SUM(F59:I59))/(SUM(F49:I49)+SUM(F52:I52)+SUM(F55:I55)+SUM(F58:I58)) -> #DIV/0! | K90: =(SUM(D50:G50)+SUM(D53:G53)+SUM(D56:G56)+SUM(D59:G59))/(SUM(D49:G49)+SUM(D52:G52)+SUM(D55:G55)+SUM(D58:G58)) -> #DIV/0!
A93: PitchNo | B93: Date | C93: Time | D93: Pitcher | E93: Pitch Type | F93: Velocity | G93: SpinRate | H93: Ball/Strike | I93: Outcome | J93: Batter | K93: ExitSpeed | L93: Angle | M93: Direction | N93: BatSpeed | O93: Distance | P93: SquaredUp
A94: 24 | B94: 46193 | C94: 0.80903935 | D94: Reagan Samples | E94: FB | F94: 81.877239 | G94: 2217.4936 | H94: 0 | J94: Jackson Orr | R94: FB | S94: 0 | Z94: FB | AA94: 99 | AB94: =AA94/AA99 -> 0.38372093 | AC94: CH | AD94: 1 | AE94: Foul
A95: 25 | B95: 46193 | C95: 0.80923611 | D95: Reagan Samples | E95: FB | F95: 83.020598 | G95: 1106.8015 | H95: 1 | I95: Foul | J95: Jackson Orr | K95: 72.474161 | L95: 20.961555 | M95: -37.506443 | N95: 79.849495 | P95: 0.63034603 | R95: FB | S95: 1 | T95: Foul | Z95: FB 2 | AA95: 14 | AB95: =AA95/AA99 -> 0.054263566 | AC95: CH | AD95: 1 | AE95: K
A96: 26 | B96: 46193 | C96: 0.80954861 | D96: Reagan Samples | E96: SL | F96: 71.39644 | G96: 2167.2817 | H96: 0 | J96: Jackson Orr | R96: FB | S96: 0 | Z96: SL | AA96: 95 | AB96: =AA96/AA99 -> 0.36821705 | AC96: CH | AD96: 1 | AE96: Foul | AF96: 60.849678
A97: 27 | B97: 46193 | C97: 0.80981481 | D97: Reagan Samples | E97: FB | F97: 82.941196 | G97: 1054.1747 | H97: 0 | J97: Jackson Orr | R97: FB | S97: 1 | T97: Yes | Z97: CH | AA97: 16 | AB97: =AA97/AA99 -> 0.062015504 | AC97: CH | AD97: 1 | AE97: K
A98: 28 | B98: 46193 | C98: 0.81021991 | D98: Reagan Samples | E98: SP | F98: 72.476279 | G98: 422.54645 | H98: 1 | J98: Jackson Orr | R98: FB | S98: 0 | Z98: SP | AA98: 34 | AB98: =AA98/AA99 -> 0.13178295 | AC98: CH | AD98: 1 | AE98: Foul | AF98: 56.925842
A99: 29 | B99: 46193 | C99: 0.81043981 | D99: Reagan Samples | E99: SL | F99: 69.999003 | G99: 1153.4028 | H99: 1 | I99: K | J99: Jackson Orr | N99: 54.394309 | R99: FB | S99: 1 | AA99: =SUM(AA94:AA98) -> 258 | AC99: CH | AD99: 1 | AE99: Yes
A100: 30 | B100: 46193 | C100: 0.81074074 | D100: Reagan Samples | E100: FB | F100: 83.274675 | G100: 2161.4492 | H100: 1 | I100: Yes | J100: Caleb Koontz | N100: 60.491193 | R100: FB | S100: 0 | AC100: CH | AD100: 1 | AE100: In Play, Hit
A101: 31 | B101: 46193 | C101: 0.81114583 | D101: Reagan Samples | E101: SP | F101: 60.518649 | G101: 476.80216 | H101: 1 | I101: Foul | J101: Caleb Koontz | N101: 67.964791 | R101: FB | S101: 1 | T101: Free FB, In Play | AC101: CH | AD101: 1 | AE101: In Play, Out
A102: 32 | B102: 46193 | C102: 0.81136574 | D102: Reagan Samples | E102: FB | F102: 82.957077 | G102: 2216.2407 | H102: 0 | J102: Caleb Koontz | R102: FB | S102: 1 | T102: In Play, HIt | AC102: CH | AD102: 0 | AE102: BB
...

Sheet Walsh (P)
B1: Live AB Stats
B2: CARTER WALSH
B3: Date | C3: 46214 | K3: Totals
B4: Opponent | C4: Live AB
A5: General | B5: IP | C5: 1 | D5: 0 | E5: 0 | F5: 0 | G5: 0 | H5: 0 | I5: 0 | J5: 0 | K5: 0 | L5: 0 | M5: 0
B6: TP | C6: 22 | D6: 0 | E6: 0 | F6: 0 | G6: 0 | H6: 0 | I6: 0 | J6: 0 | K6: 0 | L6: 0 | M6: 0
B7: B | C7: 10 | D7: 0 | E7: 0 | F7: 0 | G7: 0 | H7: 0 | I7: 0 | J7: 0 | K7: 0 | L7: 0 | M7: 0
B8: S | C8: 12 | D8: 0 | E8: 0 | F8: 0 | G8: 0 | H8: 0 | I8: 0 | J8: 0 | K8: 0 | L8: 0 | M8: 0
B9: K% | C9: =C8/C6 -> 0.54545455 | D9: =D8/D6 -> #DIV/0! | E9: =E8/E6 -> #DIV/0! | F9: =F8/F6 -> #DIV/0! | G9: =G8/G6 -> #DIV/0! | H9: =H8/H6 -> #DIV/0! | I9: =I8/I6 -> #DIV/0! | J9: =J8/J6 -> #DIV/0! | ... M9: =M8/M6 -> #DIV/0!
B10: P/IP | C10: =C6/C5 -> 22 | D10: =D6/D5 -> #DIV/0! | E10: =E6/E5 -> #DIV/0! | F10: =F6/F5 -> #DIV/0! | G10: =G6/G5 -> #DIV/0! | H10: =H6/H5 -> #DIV/0! | I10: =I6/I5 -> #DIV/0! | J10: =J6/J5 -> #DIV/0! | ... M10: =M6/M5 -> #DIV/0!
B11: P/PA | C11: =C6/C12 -> 4.4 | D11: =D6/D12 -> #DIV/0! | E11: =E6/E12 -> #DIV/0! | F11: =F6/F12 -> #DIV/0! | G11: =G6/G12 -> #DIV/0! | H11: =H6/H12 -> #DIV/0! | I11: =I6/I12 -> #DIV/0! | J11: =J6/J12 -> #DIV/0! | ... M11: =M6/M12 -> #DIV/0!
B12: BF | C12: 5 | D12: 0 | E12: 0 | F12: 0 | G12: 0 | H12: 0 | I12: 0 | J12: 0 | K12: 0 | L12: 0 | M12: 0
B13: H | C13: 1 | D13: 0 | E13: 0 | F13: 0 | G13: 0 | H13: 0 | I13: 0 | J13: 0 | K13: 0 | L13: 0 | M13: 0
B14: BB | C14: 1 | D14: 0 | E14: 0 | F14: 0 | G14: 0 | H14: 0 | I14: 0 | J14: 0 | K14: 0 | L14: 0 | M14: 0
B15: BB% | C15: =C14/C12 -> 0.2 | D15: =D14/D12 -> #DIV/0! | E15: =E14/E12 -> #DIV/0! | F15: =F14/F12 -> #DIV/0! | G15: =G14/G12 -> #DIV/0! | H15: =H14/H12 -> #DIV/0! | I15: =I14/I12 -> #DIV/0! | J15: =J14/J12 -> #DIV/0! | ... M15: =M14/M12 -> #DIV/0!
B16: BB/7 | C16: =(C14/C5)*7 -> 7 | D16: =(D14/D5)*7 -> #DIV/0! | E16: =(E14/E5)*7 -> #DIV/0! | F16: =(F14/F5)*7 -> #DIV/0! | G16: =(G14/G5)*7 -> #DIV/0! | H16: =(H14/H5)*7 -> #DIV/0! | I16: =(I14/I5)*7 -> #DIV/0! | J16: =(J14/J5)*7 -> #DIV/0! | ... M16: =(M14/M5)*7 -> #DIV/0!
B17: HBP | C17: 0 | D17: 0 | E17: 0 | F17: 0 | G17: 0 | H17: 0 | I17: 0 | J17: 0 | K17: 0 | L17: 0 | M17: 0
B18: WHIP | C18: =(C14+C13)/C5 -> 2 | D18: =(D14+D13)/D5 -> #DIV/0! | E18: =(E14+E13)/E5 -> #DIV/0! | F18: =(F14+F13)/F5 -> #DIV/0! | G18: =(G14+G13)/G5 -> #DIV/0! | H18: =(H14+H13)/H5 -> #DIV/0! | I18: =(I14+I13)/I5 -> #DIV/0! | J18: =(J14+J13)/J5 -> #DIV/0! | ... M18: =(M14+M13)/M5 -> #DIV/0!
B19: KS | C19: 0 | D19: 0 | E19: 0 | F19: 0 | G19: 0 | H19: 0 | I19: 0 | J19: 0 | K19: 0 | L19: 0 | M19: 0
B20: KL | C20: 2 | D20: 0 | E20: 0 | F20: 0 | G20: 0 | H20: 0 | I20: 0 | J20: 0 | K20: 0 | L20: 0 | M20: 0
B21: K/7 | C21: =((C19+C20)/C5)*7 -> 14 | D21: =((D19+D20)/D5)*7 -> #DIV/0! | E21: =((E19+E20)/E5)*7 -> #DIV/0! | F21: =((F19+F20)/F5)*7 -> #DIV/0! | G21: =((G19+G20)/G5)*7 -> #DIV/0! | H21: =((H19+H20)/H5)*7 -> #DIV/0! | I21: =((I19+I20)/I5)*7 -> #DIV/0! | J21: =((J19+J20)/J5)*7 -> #DIV/0! | ... M21: =((M19+M20)/M5)*7 -> #DIV/0!
B22: K% | C22: =(C19+C20)/C12 -> 0.4 | D22: =(D19+D20)/D12 -> #DIV/0! | E22: =(E19+E20)/E12 -> #DIV/0! | F22: =(F19+F20)/F12 -> #DIV/0! | G22: =(G19+G20)/G12 -> #DIV/0! | H22: =(H19+H20)/H12 -> #DIV/0! | I22: =(I19+I20)/I12 -> #DIV/0! | J22: =(J19+J20)/J12 -> #DIV/0! | ... M22: =(M19+M20)/M12 -> #DIV/0!
B23: K/BB | C23: =(C19+C20)/C14 -> 2 | D23: =(D19+D20)/D14 -> #DIV/0! | E23: =(E19+E20)/E14 -> #DIV/0! | F23: =(F19+F20)/F14 -> #DIV/0! | G23: =(G19+G20)/G14 -> #DIV/0! | H23: =(H19+H20)/H14 -> #DIV/0! | I23: =(I19+I20)/I14 -> #DIV/0! | J23: =(J19+J20)/J14 -> #DIV/0! | ... M23: =(M19+M20)/M14 -> #DIV/0!
B24: K%-BB% | C24: =C22-C15 -> 0.2 | D24: =D22-D15 -> #DIV/0! | E24: =E22-E15 -> #DIV/0! | F24: =F22-F15 -> #DIV/0! | G24: =G22-G15 -> #DIV/0! | H24: =H22-H15 -> #DIV/0! | I24: =I22-I15 -> #DIV/0! | J24: =J22-J15 -> #DIV/0! | ... M24: =M22-M15 -> #DIV/0!
B25: BAA | C25: =C13/(C12-C14-C17) -> 0.25 | D25: =D13/(D12-D14-D17) -> #DIV/0! | E25: =E13/(E12-E14-E17) -> #DIV/0! | F25: =F13/(F12-F14-F17) -> #DIV/0! | G25: =G13/(G12-G14-G17) -> #DIV/0! | H25: =H13/(H12-H14-H17) -> #DIV/0! | I25: =I13/(I12-I14-I17) -> #DIV/0! | J25: =J13/(J12-J14-J17) -> #DIV/0! | ... M25: =M13/(M12-M14-M17) -> #DIV/0!
A26: Efficiency | B26: FPS | C26: 2 | D26: 0 | E26: 0 | F26: 0 | G26: 0 | H26: 0 | I26: 0 | J26: 0 | K26: 0 | L26: 0 | M26: 0
B27: FPS% | C27: =C26/C12 -> 0.4 | D27: =D26/D12 -> #DIV/0! | E27: =E26/E12 -> #DIV/0! | F27: =F26/F12 -> #DIV/0! | G27: =G26/G12 -> #DIV/0! | H27: =H26/H12 -> #DIV/0! | I27: =I26/I12 -> #DIV/0! | J27: =J26/J12 -> #DIV/0! | ... M27: =M26/M12 -> #DIV/0!
B28: 2/3K | C28: 2 | D28: 0 | E28: 0 | F28: 0 | G28: 0 | H28: 0 | I28: 0 | J28: 0 | K28: 0 | L28: 0 | M28: 0
B29: 2/3K% | C29: =C28/C12 -> 0.4 | D29: =D28/D12 -> #DIV/0! | E29: =E28/E12 -> #DIV/0! | F29: =F28/F12 -> #DIV/0! | G29: =G28/G12 -> #DIV/0! | H29: =H28/H12 -> #DIV/0! | I29: =I28/I12 -> #DIV/0! | J29: =J28/J12 -> #DIV/0! | ... M29: =M28/M12 -> #DIV/0!
B30: <3P | C30: 1 | D30: 0 | E30: 0 | F30: 0 | G30: 0 | H30: 0 | I30: 0 | J30: 0 | K30: 0 | L30: 0 | M30: 0
B31: <3P% | C31: =C30/C12 -> 0.2 | D31: =D30/D12 -> #DIV/0! | E31: =E30/E12 -> #DIV/0! | F31: =F30/F12 -> #DIV/0! | G31: =G30/G12 -> #DIV/0! | H31: =H30/H12 -> #DIV/0! | I31: =I30/I12 -> #DIV/0! | J31: =J30/J12 -> #DIV/0! | ... M31: =M30/M12 -> #DIV/0!
B32: 3BC | C32: 2 | D32: 0 | E32: 0 | F32: 0 | G32: 0 | H32: 0 | I32: 0 | J32: 0 | K32: 0 | L32: 0 | M32: 0
B33: 3BC% | C33: =C32/C12 -> 0.4 | D33: =D32/D12 -> #DIV/0! | E33: =E32/E12 -> #DIV/0! | F33: =F32/F12 -> #DIV/0! | G33: =G32/G12 -> #DIV/0! | H33: =H32/H12 -> #DIV/0! | I33: =I32/I12 -> #DIV/0! | J33: =J32/J12 -> #DIV/0! | ... M33: =M32/M12 -> #DIV/0!
A34: Usages/Strike Percentages | B34: TFB | C34: 12 | D34: 0 | E34: 0 | F34: 0 | G34: 0 | H34: 0 | I34: 0 | J34: 0 | K34: 0 | L34: 0 | M34: 0
B35: FBK | C35: 6 | D35: 0 | E35: 0 | F35: 0 | G35: 0 | H35: 0 | I35: 0 | J35: 0 | K35: 0 | L35: 0 | M35: 0
B36: FB% | C36: =C34/C6 -> 0.54545455 | D36: =D34/D6 -> #DIV/0! | E36: =E34/E6 -> #DIV/0! | F36: =F34/F6 -> #DIV/0! | G36: =G34/G6 -> #DIV/0! | H36: =H34/H6 -> #DIV/0! | I36: =I34/I6 -> #DIV/0! | J36: =J34/J6 -> #DIV/0! | ... M36: =M34/M6 -> #DIV/0!
B37: FBK% | C37: =C35/C34 -> 0.5 | D37: =D35/D34 -> #DIV/0! | E37: =E35/E34 -> #DIV/0! | F37: =F35/F34 -> #DIV/0! | G37: =G35/G34 -> #DIV/0! | H37: =H35/H34 -> #DIV/0! | I37: =I35/I34 -> #DIV/0! | J37: =J35/J34 -> #DIV/0! | ... M37: =M35/M34 -> #DIV/0!
B38: TCB | C38: 3 | D38: 0 | E38: 0 | F38: 0 | G38: 0 | H38: 0 | I38: 0 | J38: 0 | K38: 0 | L38: 0 | M38: 0
B39: CBK | C39: 3 | D39: 0 | E39: 0 | F39: 0 | G39: 0 | H39: 0 | I39: 0 | J39: 0 | K39: 0 | L39: 0 | M39: 0
B40: CB% | C40: =C38/C6 -> 0.13636364 | D40: =D38/D6 -> #DIV/0! | E40: =E38/E6 -> #DIV/0! | F40: =F38/F6 -> #DIV/0! | G40: =G38/G6 -> #DIV/0! | H40: =H38/H6 -> #DIV/0! | I40: =I38/I6 -> #DIV/0! | J40: =J38/J6 -> #DIV/0! | ... M40: =M38/M6 -> #DIV/0!
B41: CBK% | C41: =C39/C38 -> 1 | D41: =D39/D38 -> #DIV/0! | E41: =E39/E38 -> #DIV/0! | F41: =F39/F38 -> #DIV/0! | G41: =G39/G38 -> #DIV/0! | H41: =H39/H38 -> #DIV/0! | I41: =I39/I38 -> #DIV/0! | J41: =J39/J38 -> #DIV/0! | ... M41: =M39/M38 -> #DIV/0!
B42: TCH | C42: 3 | D42: 0 | E42: 0 | F42: 0 | G42: 0 | H42: 0 | I42: 0 | J42: 0 | K42: 0 | L42: 0 | M42: 0
B43: CHK | C43: 1 | D43: 0 | E43: 0 | F43: 0 | G43: 0 | H43: 0 | I43: 0 | J43: 0 | K43: 0 | L43: 0 | M43: 0
B44: CH% | C44: =C42/C6 -> 0.13636364 | D44: =D42/D6 -> #DIV/0! | E44: =E42/E6 -> #DIV/0! | F44: =F42/F6 -> #DIV/0! | G44: =G42/G6 -> #DIV/0! | H44: =H42/H6 -> #DIV/0! | I44: =I42/I6 -> #DIV/0! | J44: =J42/J6 -> #DIV/0! | ... M44: =M42/M6 -> #DIV/0!
B45: CHK% | C45: =C43/C42 -> 0.33333333 | D45: =D43/D42 -> #DIV/0! | E45: =E43/E42 -> #DIV/0! | F45: =F43/F42 -> #DIV/0! | G45: =G43/G42 -> #DIV/0! | H45: =H43/H42 -> #DIV/0! | I45: =I43/I42 -> #DIV/0! | J45: =J43/J42 -> #DIV/0! | ... M45: =M43/M42 -> #DIV/0!
B46: TSL | C46: 4 | D46: 0 | E46: 0 | F46: 0 | G46: 0 | H46: 0 | I46: 0 | J46: 0 | K46: 0 | L46: 0 | M46: 0
B47: SLK | C47: 2 | D47: 0 | E47: 0 | F47: 0 | G47: 0 | H47: 0 | I47: 0 | J47: 0 | K47: 0 | L47: 0 | M47: 0
B48: SL% | C48: =C46/C6 -> 0.18181818 | D48: =D46/D6 -> #DIV/0! | E48: =E46/E6 -> #DIV/0! | F48: =F46/F6 -> #DIV/0! | G48: =G46/G6 -> #DIV/0! | H48: =H46/H6 -> #DIV/0! | I48: =I46/I6 -> #DIV/0! | J48: =J46/J6 -> #DIV/0! | ... M48: =M46/M6 -> #DIV/0!
B49: SLK% | C49: =C47/C46 -> 0.5 | D49: =D47/D46 -> #DIV/0! | E49: =E47/E46 -> #DIV/0! | F49: =F47/F46 -> #DIV/0! | G49: =G47/G46 -> #DIV/0! | H49: =H47/H46 -> #DIV/0! | I49: =I47/I46 -> #DIV/0! | J49: =J47/J46 -> #DIV/0! | ... M49: =M47/M46 -> #DIV/0!
A50: Swing/Miss Percentages | B50: TFB SW | C50: 4 | D50: 0 | E50: 0 | F50: 0 | G50: 0 | H50: 0 | I50: 0 | J50: 0 | K50: 0 | L50: 0 | M50: 0
B51: FB SW/M | C51: 2 | D51: 0 | E51: 0 | F51: 0 | G51: 0 | H51: 0 | I51: 0 | J51: 0 | K51: 0 | L51: 0 | M51: 0
B52: FB SW/M% | C52: =C51/C50 -> 0.5 | D52: =D51/D50 -> #DIV/0! | E52: =E51/E50 -> #DIV/0! | F52: =F51/F50 -> #DIV/0! | G52: =G51/G50 -> #DIV/0! | H52: =H51/H50 -> #DIV/0! | I52: =I51/I50 -> #DIV/0! | J52: =J51/J50 -> #DIV/0! | ... M52: =M51/M50 -> #DIV/0!
B53: TCB SW | C53: 1 | D53: 0 | E53: 0 | F53: 0 | G53: 0 | H53: 0 | I53: 0 | J53: 0 | K53: 0 | L53: 0 | M53: 0
B54: CB SW/M | C54: 0 | D54: 0 | E54: 0 | F54: 0 | G54: 0 | H54: 0 | I54: 0 | J54: 0 | K54: 0 | L54: 0 | M54: 0
B55: CB SW/M% | C55: =C54/C53 -> 0 | D55: =D54/D53 -> #DIV/0! | E55: =E54/E53 -> #DIV/0! | F55: =F54/F53 -> #DIV/0! | G55: =G54/G53 -> #DIV/0! | H55: =H54/H53 -> #DIV/0! | I55: =I54/I53 -> #DIV/0! | J55: =J54/J53 -> #DIV/0! | ... M55: =M54/M53 -> #DIV/0!
B56: TCH SW | C56: 1 | D56: 0 | E56: 0 | F56: 0 | G56: 0 | H56: 0 | I56: 0 | J56: 0 | K56: 0 | L56: 0 | M56: 0
B57: CH SW/M | C57: 0 | D57: 0 | E57: 0 | F57: 0 | G57: 0 | H57: 0 | I57: 0 | J57: 0 | K57: 0 | L57: 0 | M57: 0
B58: CH SW/M% | C58: =C57/C56 -> 0 | D58: =D57/D56 -> #DIV/0! | E58: =E57/E56 -> #DIV/0! | F58: =F57/F56 -> #DIV/0! | G58: =G57/G56 -> #DIV/0! | H58: =H57/H56 -> #DIV/0! | I58: =I57/I56 -> #DIV/0! | J58: =J57/J56 -> #DIV/0! | ... M58: =M57/M56 -> #DIV/0!
B59: TSL SW | C59: 1 | D59: 0 | E59: 0 | F59: 0 | G59: 0 | H59: 0 | I59: 0 | J59: 0 | K59: 0 | L59: 0 | M59: 0
B60: SL SW/M | C60: 1 | D60: 0 | E60: 0 | F60: 0 | G60: 0 | H60: 0 | I60: 0 | J60: 0 | K60: 0 | L60: 0 | M60: 0
B61: SL SW/M% | C61: =C60/C59 -> 1 | D61: =D60/D59 -> #DIV/0! | E61: =E60/E59 -> #DIV/0! | F61: =F60/F59 -> #DIV/0! | G61: =G60/G59 -> #DIV/0! | H61: =H60/H59 -> #DIV/0! | I61: =I60/I59 -> #DIV/0! | J61: =J60/J59 -> #DIV/0! | ... M61: =M60/M59 -> #DIV/0!
A62: Metrics | B62: Avg FB Velo | C62: =AVERAGEIFS($F$90:$F$409,$B$90:$B$409,C$3,$E$90:$E$409,"FB 1") -> 83.500172 | D62: =AVERAGEIFS($F$91:$F$409,$B$91:$B$409,D$3,$E$91:$E$409,"FB") -> #DIV/0! | E62: =AVERAGEIFS($F$91:$F$409,$B$91:$B$409,E$3,$E$91:$E$409,"FB") -> #DIV/0! | F62: =AVERAGEIFS($F$91:$F$409,$B$91:$B$409,F$3,$E$91:$E$409,"FB") -> #DIV/0! | G62: =AVERAGEIFS($F$91:$F$409,$B$91:$B$409,G$3,$E$91:$E$409,"FB") -> #DIV/0! | H62: =AVERAGEIFS($F$91:$F$409,$B$91:$B$409,H$3,$E$91:$E$409,"FB") -> #DIV/0! | I62: =AVERAGEIFS($F$91:$F$409,$B$91:$B$409,I$3,$E$91:$E$409,"FB") -> #DIV/0! | J62: =AVERAGEIFS($F$91:$F$409,$B$91:$B$409,J$3,$E$91:$E$409,"FB") -> #DIV/0! | K62: =AVERAGEIFS(F90:F408, E90:E408,"FB 1") -> 83.500172
B63: Min FB Velo | C63: =_xlfn.MINIFS($F$90:$F$409,$B$90:$B$409,C$3,$E$90:$E$409,"FB 1") -> 80.590956 | D63: =_xlfn.MINIFS($F$91:$F$409,$B$91:$B$409,D$3,$E$91:$E$409,"FB") -> 0 | E63: =_xlfn.MINIFS($F$91:$F$409,$B$91:$B$409,E$3,$E$91:$E$409,"FB") -> 0 | F63: =_xlfn.MINIFS($F$91:$F$409,$B$91:$B$409,F$3,$E$91:$E$409,"FB") -> 0 | G63: =_xlfn.MINIFS($F$91:$F$409,$B$91:$B$409,G$3,$E$91:$E$409,"FB") -> 0 | H63: =_xlfn.MINIFS($F$91:$F$409,$B$91:$B$409,H$3,$E$91:$E$409,"FB") -> 0 | I63: =_xlfn.MINIFS($F$91:$F$409,$B$91:$B$409,I$3,$E$91:$E$409,"FB") -> 0 | J63: =_xlfn.MINIFS($F$91:$F$409,$B$91:$B$409,J$3,$E$91:$E$409,"FB") -> 0 | K63: =_xlfn.MINIFS(F90:F408, E90:E408,"FB 1") -> 80.590956
B64: Max FB Velo | C64: =_xlfn.MAXIFS($F$91:$F$409,$B$91:$B$409,C$3,$E$91:$E$409,"FB 1") -> 85.116757 | D64: =_xlfn.MAXIFS($F$91:$F$409,$B$91:$B$409,D$3,$E$91:$E$409,"FB") -> 0 | E64: =_xlfn.MAXIFS($F$91:$F$409,$B$91:$B$409,E$3,$E$91:$E$409,"FB") -> 0 | F64: =_xlfn.MAXIFS($F$91:$F$409,$B$91:$B$409,F$3,$E$91:$E$409,"FB") -> 0 | G64: =_xlfn.MAXIFS($F$91:$F$409,$B$91:$B$409,G$3,$E$91:$E$409,"FB") -> 0 | H64: =_xlfn.MAXIFS($F$91:$F$409,$B$91:$B$409,H$3,$E$91:$E$409,"FB") -> 0 | I64: =_xlfn.MAXIFS($F$91:$F$409,$B$91:$B$409,I$3,$E$91:$E$409,"FB") -> 0 | J64: =_xlfn.MAXIFS($F$91:$F$409,$B$91:$B$409,J$3,$E$91:$E$409,"FB") -> 0 | K64: =_xlfn.MAXIFS(F90:F408, E90:E408,"FB 1") -> 85.116757
B65: Avg FB RPM | C65: =AVERAGEIFS($G$91:$G$409,$B$91:$B$409,C$3,$E$91:$E$409,"FB 1") -> 2012.1849 | D65: =AVERAGEIFS($G$91:$G$409,$B$91:$B$409,D$3,$E$91:$E$409,"FB") -> #DIV/0! | E65: =AVERAGEIFS($G$91:$G$409,$B$91:$B$409,E$3,$E$91:$E$409,"FB") -> #DIV/0! | F65: =AVERAGEIFS($G$91:$G$409,$B$91:$B$409,F$3,$E$91:$E$409,"FB") -> #DIV/0! | G65: =AVERAGEIFS($G$91:$G$409,$B$91:$B$409,G$3,$E$91:$E$409,"FB") -> #DIV/0! | H65: =AVERAGEIFS($G$91:$G$409,$B$91:$B$409,H$3,$E$91:$E$409,"FB") -> #DIV/0! | I65: =AVERAGEIFS($G$91:$G$409,$B$91:$B$409,I$3,$E$91:$E$409,"FB") -> #DIV/0! | J65: =AVERAGEIFS($G$91:$G$409,$B$91:$B$409,J$3,$E$91:$E$409,"FB") -> #DIV/0! | K65: =AVERAGEIFS(G90:G408, E90:E408,"FB 1") -> 2012.1849
B66: Avg FB 2 Velo | C66: =AVERAGEIFS($F$91:$F$409,$B$91:$B$409,C$3,$E$91:$E$409,"FB 2") -> 81.329375 | D66: =AVERAGEIFS($F$91:$F$409,$B$91:$B$409,D$3,$E$91:$E$409,"SL") -> #DIV/0! | E66: =AVERAGEIFS($F$91:$F$409,$B$91:$B$409,E$3,$E$91:$E$409,"SL") -> #DIV/0! | F66: =AVERAGEIFS($F$91:$F$409,$B$91:$B$409,F$3,$E$91:$E$409,"SL") -> #DIV/0! | G66: =AVERAGEIFS($F$91:$F$409,$B$91:$B$409,G$3,$E$91:$E$409,"SL") -> #DIV/0! | H66: =AVERAGEIFS($F$91:$F$409,$B$91:$B$409,H$3,$E$91:$E$409,"SL") -> #DIV/0! | I66: =AVERAGEIFS($F$91:$F$409,$B$91:$B$409,I$3,$E$91:$E$409,"SL") -> #DIV/0! | J66: =AVERAGEIFS($F$91:$F$409,$B$91:$B$409,J$3,$E$91:$E$409,"SL") -> #DIV/0! | K66: =AVERAGEIFS(F90:F408, E90:E408,"FB 2") -> 81.598201
